"id","robot","match","piece","pickup","score","level","success","time","phase"
152,1334,1,"hatch","preload","bot-rocket-low","1","success",20150,"tele"
153,1334,1,"hatch","bot-hp","dropped","0","dropped",40292,"tele"
154,1285,1,"hatch","preload","front-cargo","1","success",3763,"sandstorm"
169,5406,1,"hatch","preload","bot-rocket-mid","2","success",15219,"sandstorm"
170,5406,1,"hatch","bot-hp","bot-rocket-mid","2","success",12992,"tele"
171,5406,1,"hatch","bot-hp","bot-rocket-mid","2","success",4493,"tele"
172,5406,1,"cargo","bot-hp","bot-rocket-mid","2","success",11369,"tele"
173,5406,1,"hatch","bot-hp","bot-rocket-high","3","success",6418,"tele"
174,5406,1,"hatch","bot-hp","bot-rocket-high","3","success",4960,"tele"
175,5406,1,"cargo","bot-hp","bot-rocket-high","3","success",5206,"tele"
176,5406,1,"cargo","bot-hp","bot-rocket-low","1","success",1690,"tele"
177,5076,1,"cargo","preload","top-cargo","1","success",66281,"tele"
178,5076,1,"cargo","bot-hp","top-cargo","1","success",3549,"tele"
179,7456,2,"hatch","bot-hp","bot-rocket-low","1","success",24017,"tele"
180,7710,2,"hatch","preload","top-cargo","1","attempted",13559,"sandstorm"
181,7710,2,"hatch","top-hp","top-cargo","1","success",9037,"tele"
183,5911,3,"hatch","preload","dropped","0","dropped",4882,"tele"
184,7476,3,"hatch","preload","front-cargo","1","attempted",14108,"tele"
185,7476,3,"cargo","floor","bot-cargo","1","attempted",8696,"tele"
186,7476,3,"cargo","floor","bot-cargo","1","success",8735,"tele"
187,7476,3,"cargo","floor","bot-cargo","1","success",15736,"tele"
188,7476,3,"cargo","floor","dropped","0","dropped",22364,"tele"
189,7476,3,"cargo","floor","top-cargo","1","attempted",13957,"tele"
190,5039,3,"hatch","preload","dropped","0","dropped",4781,"sandstorm"
191,5039,3,"hatch","top-hp","front-cargo","1","attempted",13648,"tele"
192,5039,3,"hatch","top-hp","front-cargo","1","attempted",8610,"tele"
193,5039,3,"hatch","top-hp","front-cargo","1","attempted",10829,"tele"
194,5039,3,"hatch","top-hp","top-rocket-low","1","attempted",18889,"tele"
195,5039,3,"hatch","top-hp","top-rocket-low","1","success",12956,"tele"
196,5039,3,"hatch","top-hp","front-cargo","1","success",12964,"tele"
197,6866,3,"cargo","preload","dropped","0","dropped",22133,"tele"
198,6866,3,"cargo","floor","top-cargo","1","success",12435,"tele"
199,6866,3,"cargo","floor","top-cargo","1","success",1355,"tele"
200,6866,3,"cargo","floor","bot-cargo","1","attempted",3161,"tele"
201,6866,3,"cargo","floor","bot-cargo","1","success",2242,"tele"
202,6866,3,"cargo","floor","bot-cargo","1","success",1839,"tele"
203,6866,3,"cargo","floor","bot-cargo","1","success",1775,"tele"
204,7520,4,"cargo","preload","bot-cargo","1","attempted",29850,"tele"
205,7520,4,"cargo","bot-hp","bot-cargo","1","success",20057,"tele"
206,7136,4,"cargo","preload","top-cargo","1","success",13635,"sandstorm"
207,7136,4,"cargo","floor","top-cargo","1","success",12869,"tele"
208,7136,4,"cargo","floor","top-cargo","1","attempted",12842,"tele"
209,7136,4,"cargo","floor","dropped","0","dropped",10928,"tele"
210,7136,4,"hatch","floor","dropped","0","dropped",2514,"tele"
211,6397,4,"cargo","preload","dropped","0","dropped",21046,"tele"
212,5036,1,"hatch","preload","front-cargo","1","success",3987,"tele"
213,5036,1,"cargo","floor","bot-cargo","1","success",7415,"tele"
214,5036,1,"cargo","floor","bot-cargo","1","success",6102,"tele"
215,5036,1,"cargo","floor","bot-cargo","1","success",6412,"tele"
216,5036,1,"cargo","floor","top-cargo","1","success",6802,"tele"
217,5036,1,"cargo","floor","top-cargo","1","success",13017,"tele"
218,5036,1,"cargo","floor","dropped","0","dropped",4642,"tele"
219,5036,1,"cargo","floor","top-cargo","1","success",10406,"tele"
220,5036,1,"cargo","floor","dropped","0","dropped",4046,"tele"
221,5036,1,"hatch","bot-hp","dropped","0","dropped",3923,"tele"
222,4308,3,"cargo","preload","bot-cargo","1","success",4841,"tele"
223,6867,4,"hatch","preload","bot-cargo","1","success",6771,"sandstorm"
224,6867,4,"hatch","top-hp","bot-cargo","1","success",2247,"sandstorm"
225,6867,4,"hatch","top-hp","front-cargo","1","success",2355,"tele"
226,6867,4,"hatch","top-hp","front-cargo","1","success",3544,"tele"
235,6878,4,"hatch","preload","dropped","0","dropped",21291,"sandstorm"
236,6878,4,"cargo","top-hp","top-cargo","1","success",7542,"tele"
237,6878,4,"cargo","top-hp","top-cargo","1","success",12633,"tele"
238,6878,4,"cargo","top-hp","top-cargo","1","success",6332,"tele"
239,6878,4,"hatch","top-hp","top-rocket-low","1","success",9213,"tele"
240,6878,4,"cargo","top-hp","front-cargo","1","success",7645,"tele"
241,6878,4,"cargo","top-hp","front-cargo","1","success",9156,"tele"
242,6878,4,"cargo","top-hp","bot-rocket-low","1","attempted",8358,"tele"
243,746,4,"cargo","preload","top-cargo","1","success",2209,"sandstorm"
244,5024,5,"hatch","preload","top-cargo","1","success",18268,"sandstorm"
245,5024,5,"cargo","top-hp","dropped","0","dropped",16306,"tele"
246,5024,5,"cargo","top-hp","bot-cargo","1","success",11562,"tele"
247,5024,5,"cargo","top-hp","bot-cargo","1","success",8595,"tele"
248,919,5,"hatch","preload","dropped","0","dropped",13278,"sandstorm"
249,5719,5,"hatch","preload","top-cargo","1","success",24588,"sandstorm"
250,5719,5,"cargo","floor","top-cargo","1","success",5957,"tele"
251,5719,5,"cargo","floor","top-cargo","1","success",12370,"tele"
252,5719,5,"hatch","top-hp","top-rocket-low","1","attempted",19911,"tele"
253,5719,5,"hatch","top-hp","dropped","0","dropped",4895,"tele"
158,1285,1,"cargo","floor","top-cargo","1","success",7496,"tele"
157,1285,1,"cargo","floor","top-cargo","1","success",4965,"tele"
156,1285,1,"cargo","floor","bot-rocket-low","1","success",7673,"tele"
254,5719,5,"hatch","top-hp","dropped","0","dropped",8431,"tele"
255,7690,5,"cargo","preload","bot-cargo","1","success",8474,"sandstorm"
256,7690,5,"cargo","bot-hp","dropped","0","dropped",2714,"tele"
257,7690,5,"cargo","bot-hp","bot-cargo","1","success",7091,"tele"
258,7690,5,"cargo","bot-hp","bot-cargo","1","success",8415,"tele"
259,7690,5,"cargo","bot-hp","front-cargo","1","attempted",7392,"tele"
260,7690,5,"hatch","bot-hp","front-cargo","1","success",11618,"tele"
261,7690,5,"cargo","bot-hp","front-cargo","1","success",10977,"tele"
262,5031,5,"cargo","preload","bot-cargo","1","success",3242,"tele"
263,5031,5,"cargo","floor","top-cargo","1","success",44242,"tele"
264,5031,5,"cargo","floor","dropped","0","dropped",16178,"tele"
265,6866,6,"cargo","preload","dropped","0","dropped",8586,"sandstorm"
266,6866,6,"cargo","floor","dropped","0","dropped",5022,"tele"
267,6866,6,"cargo","floor","top-cargo","1","success",8208,"tele"
268,6866,6,"cargo","floor","top-cargo","1","success",1672,"tele"
269,6866,6,"cargo","floor","top-cargo","1","success",2397,"tele"
270,6866,6,"cargo","floor","dropped","0","dropped",7073,"tele"
271,1246,6,"cargo","preload","bot-cargo","1","success",13895,"tele"
272,1246,6,"cargo","floor","bot-cargo","1","success",9111,"tele"
273,1246,6,"cargo","floor","bot-cargo","1","attempted",15759,"tele"
274,1246,6,"cargo","floor","bot-cargo","1","success",32491,"tele"
275,7136,6,"cargo","preload","top-cargo","1","success",92120,"tele"
276,5911,6,"hatch","preload","front-cargo","1","success",86331,"tele"
277,1285,6,"hatch","preload","front-cargo","1","success",7758,"sandstorm"
278,1285,6,"cargo","bot-hp","bot-cargo","1","success",4683,"tele"
279,1285,6,"hatch","bot-hp","front-cargo","1","success",5275,"tele"
280,1285,6,"cargo","floor","top-cargo","1","success",4692,"tele"
281,1285,6,"cargo","floor","top-cargo","1","success",2968,"tele"
282,1285,6,"cargo","bot-hp","bot-cargo","1","success",5266,"tele"
283,7710,7,"hatch","preload","front-cargo","1","success",9494,"sandstorm"
284,7710,7,"hatch","bot-hp","dropped","0","dropped",1374,"tele"
285,6878,7,"cargo","preload","top-cargo","1","success",13248,"sandstorm"
286,6878,7,"cargo","bot-hp","top-cargo","1","success",17942,"tele"
287,188,7,"hatch","preload","top-rocket-low","1","success",1950,"tele"
288,188,7,"cargo","floor","top-cargo","1","success",2525,"tele"
289,188,7,"cargo","floor","top-cargo","1","success",1317,"tele"
290,188,7,"cargo","floor","top-cargo","1","success",13957,"tele"
291,188,7,"hatch","top-hp","front-cargo","1","success",10388,"tele"
292,188,7,"cargo","floor","front-cargo","1","success",11819,"tele"
293,188,7,"hatch","floor","dropped","0","dropped",20688,"tele"
294,1334,7,"hatch","bot-hp","dropped","0","dropped",47604,"tele"
295,5031,7,"cargo","preload","bot-cargo","1","attempted",4803,"tele"
296,5031,7,"cargo","floor","dropped","0","dropped",6918,"tele"
297,5031,7,"cargo","floor","bot-cargo","1","attempted",6484,"tele"
298,5031,7,"cargo","floor","bot-cargo","1","success",12417,"tele"
299,5031,7,"cargo","floor","bot-cargo","1","success",18913,"tele"
300,5031,7,"cargo","floor","bot-cargo","1","success",10720,"tele"
301,5076,8,"hatch","preload","front-cargo","1","success",16489,"sandstorm"
302,5076,8,"cargo","top-hp","front-cargo","1","success",1570,"tele"
303,5076,8,"hatch","top-hp","front-cargo","1","success",4844,"tele"
304,7690,8,"cargo","preload","bot-cargo","1","success",18057,"sandstorm"
305,7690,8,"hatch","bot-hp","bot-cargo","1","success",9597,"sandstorm"
306,7690,8,"hatch","bot-hp","bot-cargo","1","success",7842,"sandstorm"
307,7690,8,"cargo","bot-hp","front-cargo","1","success",7260,"sandstorm"
308,5036,8,"hatch","preload","front-cargo","1","success",3294,"sandstorm"
309,5036,8,"hatch","top-hp","front-cargo","1","success",14263,"tele"
310,5036,8,"cargo","top-hp","top-cargo","1","success",6470,"tele"
311,5036,8,"cargo","floor","dropped","0","dropped",5991,"tele"
312,5036,8,"cargo","floor","top-cargo","1","success",5224,"tele"
313,5036,8,"cargo","floor","top-cargo","1","success",6960,"tele"
314,5036,8,"hatch","top-hp","top-rocket-low","1","success",9923,"tele"
315,5036,8,"hatch","top-hp","top-rocket-low","1","attempted",8088,"tele"
316,7520,8,"cargo","floor","top-cargo","1","success",12266,"tele"
317,7520,8,"cargo","floor","top-cargo","1","success",10432,"tele"
318,7520,8,"hatch","floor","dropped","0","dropped",16517,"tele"
319,7520,8,"cargo","floor","dropped","0","dropped",4616,"tele"
320,7520,8,"cargo","floor","front-cargo","1","success",16833,"tele"
321,7476,8,"hatch","preload","bot-rocket-mid","2","success",29726,"tele"
322,7476,8,"hatch","bot-hp","bot-rocket-low","1","success",18517,"tele"
323,7476,8,"hatch","bot-hp","front-cargo","1","success",11278,"tele"
324,7476,8,"cargo","bot-hp","bot-cargo","1","success",9734,"tele"
325,4939,9,"cargo","preload","dropped","0","dropped",10701,"sandstorm"
326,5406,9,"hatch","preload","top-cargo","1","success",16754,"sandstorm"
327,5406,9,"cargo","floor","top-cargo","1","success",5726,"tele"
328,5406,9,"cargo","floor","top-cargo","1","success",5767,"tele"
329,5406,9,"hatch","top-hp","front-cargo","1","success",12336,"tele"
330,5406,9,"cargo","floor","front-cargo","1","success",2632,"tele"
331,5406,9,"cargo","floor","bot-cargo","1","success",5073,"tele"
332,5406,9,"cargo","top-hp","bot-cargo","1","success",3952,"tele"
333,5406,9,"cargo","top-hp","bot-cargo","1","success",4916,"tele"
334,5406,9,"hatch","top-hp","top-rocket-low","1","success",6927,"tele"
335,919,9,"cargo","bot-hp","dropped","0","dropped",16836,"tele"
336,919,9,"cargo","bot-hp","dropped","0","dropped",18345,"tele"
337,5024,9,"hatch","preload","bot-cargo","1","success",15408,"sandstorm"
338,5024,9,"cargo","bot-hp","bot-cargo","1","success",10379,"sandstorm"
339,5024,9,"cargo","bot-hp","bot-cargo","1","success",15403,"sandstorm"
340,5024,9,"hatch","bot-hp","top-cargo","1","success",8316,"sandstorm"
341,5024,9,"cargo","bot-hp","top-cargo","1","success",22508,"sandstorm"
342,7456,9,"hatch","preload","front-cargo","1","success",13439,"sandstorm"
343,6867,10,"hatch","preload","bot-cargo","1","success",15028,"sandstorm"
344,6867,10,"hatch","bot-hp","bot-cargo","1","success",15867,"tele"
345,6867,10,"hatch","bot-hp","front-cargo","1","success",15585,"tele"
346,6867,10,"hatch","bot-hp","bot-rocket-low","1","success",13070,"tele"
347,6867,10,"hatch","bot-hp","front-cargo","1","attempted",15497,"tele"
348,6867,10,"hatch","bot-hp","top-cargo","1","success",19772,"tele"
349,6867,10,"hatch","top-hp","dropped","0","dropped",22316,"tele"
350,5039,10,"hatch","preload","bot-rocket-mid","2","attempted",15887,"tele"
351,5039,10,"cargo","bot-hp","bot-cargo","1","success",3852,"tele"
352,5039,10,"cargo","bot-hp","bot-cargo","1","success",9414,"tele"
353,5039,10,"cargo","bot-hp","bot-cargo","1","attempted",11061,"tele"
354,5039,10,"cargo","bot-hp","bot-cargo","1","success",10233,"tele"
355,5039,10,"cargo","bot-hp","top-cargo","1","attempted",11683,"tele"
356,5039,10,"cargo","bot-hp","top-cargo","1","success",10728,"tele"
357,5039,10,"hatch","bot-hp","top-cargo","1","success",11679,"tele"
364,2706,10,"hatch","preload","dropped","0","dropped",10888,"sandstorm"
365,2706,10,"hatch","top-hp","dropped","0","dropped",15850,"tele"
366,2706,10,"hatch","top-hp","top-rocket-low","1","success",14964,"tele"
367,2706,10,"hatch","top-hp","top-rocket-low","1","success",17746,"tele"
368,2706,10,"hatch","top-hp","top-rocket-high","3","success",16708,"tele"
369,2706,10,"hatch","top-hp","top-rocket-mid","2","success",12699,"tele"
370,2706,10,"cargo","top-hp","dropped","0","dropped",3132,"tele"
371,6162,10,"hatch","preload","dropped","0","dropped",3137,"tele"
372,5406,11,"hatch","preload","bot-cargo","1","success",2802,"tele"
373,5406,11,"cargo","floor","bot-cargo","1","success",5207,"tele"
374,5406,11,"cargo","floor","top-cargo","1","success",10319,"tele"
375,5406,11,"hatch","bot-hp","front-cargo","1","success",9183,"tele"
376,5406,11,"cargo","floor","front-cargo","1","success",4827,"tele"
377,5406,11,"hatch","bot-hp","front-cargo","1","attempted",9941,"tele"
378,5406,11,"hatch","bot-hp","front-cargo","1","success",9882,"tele"
379,5406,11,"cargo","floor","front-cargo","1","success",2807,"tele"
380,5406,11,"hatch","bot-hp","bot-rocket-low","1","success",11994,"tele"
381,7690,11,"cargo","preload","top-cargo","1","success",16843,"sandstorm"
382,7690,11,"cargo","top-hp","top-cargo","1","attempted",8084,"tele"
383,7690,11,"cargo","top-hp","top-cargo","1","attempted",20123,"tele"
384,7476,11,"hatch","preload","top-rocket-mid","2","success",12234,"tele"
385,7476,11,"hatch","top-hp","top-rocket-mid","2","success",23946,"tele"
386,7476,11,"cargo","floor","top-rocket-mid","2","success",8483,"tele"
387,7476,11,"cargo","floor","top-cargo","1","attempted",11565,"tele"
388,7476,11,"cargo","floor","top-cargo","1","success",3315,"tele"
389,7476,11,"cargo","floor","top-cargo","1","success",8133,"tele"
390,7136,11,"cargo","preload","bot-cargo","1","success",12109,"sandstorm"
391,7136,11,"cargo","bot-hp","bot-cargo","1","attempted",13165,"tele"
392,7136,11,"cargo","top-hp","bot-cargo","1","success",21206,"tele"
393,7710,11,"hatch","preload","front-cargo","1","attempted",7492,"sandstorm"
394,7710,11,"hatch","bot-hp","dropped","0","dropped",2683,"tele"
395,7710,11,"hatch","bot-hp","dropped","0","dropped",1091,"tele"
401,7456,12,"hatch","preload","front-cargo","1","success",14888,"sandstorm"
402,919,12,"hatch","preload","front-cargo","1","attempted",4429,"tele"
403,5719,12,"hatch","preload","front-cargo","1","attempted",7043,"tele"
404,5719,12,"cargo","top-hp","top-cargo","1","success",13336,"tele"
405,5719,12,"cargo","bot-hp","bot-cargo","1","success",19054,"tele"
406,5719,12,"cargo","bot-hp","dropped","0","dropped",5247,"tele"
407,5719,12,"cargo","floor","bot-cargo","1","success",9137,"tele"
408,5039,12,"hatch","preload","front-cargo","1","success",6393,"tele"
409,5039,12,"cargo","top-hp","top-cargo","1","success",4930,"tele"
410,5039,12,"cargo","top-hp","dropped","0","dropped",3378,"tele"
411,5039,12,"cargo","top-hp","top-cargo","1","success",11107,"tele"
412,5039,12,"cargo","top-hp","dropped","0","dropped",17798,"tele"
413,5039,12,"cargo","top-hp","top-cargo","1","success",12458,"tele"
414,5039,12,"cargo","top-hp","bot-cargo","1","attempted",11409,"tele"
415,5039,12,"cargo","top-hp","front-cargo","1","success",10264,"tele"
416,1334,12,"hatch","preload","dropped","0","dropped",8482,"sandstorm"
417,1334,12,"hatch","bot-hp","dropped","0","dropped",1962,"tele"
418,1334,12,"cargo","bot-hp","dropped","0","dropped",2278,"tele"
419,1334,12,"cargo","floor","front-cargo","1","attempted",28330,"tele"
420,746,12,"hatch","preload","dropped","0","dropped",3009,"sandstorm"
421,6878,13,"hatch","preload","dropped","0","dropped",5494,"sandstorm"
422,6878,13,"cargo","bot-hp","bot-cargo","1","success",9663,"tele"
423,6878,13,"cargo","bot-hp","bot-cargo","1","success",8553,"tele"
424,6878,13,"cargo","bot-hp","bot-cargo","1","success",12244,"tele"
425,6878,13,"hatch","bot-hp","dropped","0","dropped",8964,"tele"
426,6878,13,"cargo","floor","top-cargo","1","success",2182,"tele"
427,4252,13,"hatch","preload","dropped","0","dropped",1023,"tele"
428,6162,13,"cargo","floor","dropped","0","dropped",5893,"tele"
429,6866,13,"cargo","preload","dropped","0","dropped",969,"sandstorm"
430,6866,13,"cargo","floor","dropped","0","dropped",64589,"tele"
431,5024,13,"hatch","preload","top-cargo","1","attempted",16121,"sandstorm"
432,5024,13,"cargo","top-hp","top-cargo","1","attempted",8265,"tele"
433,5024,13,"cargo","top-hp","top-cargo","1","success",5916,"tele"
434,5024,13,"cargo","top-hp","top-cargo","1","success",5533,"tele"
435,5024,13,"hatch","top-hp","top-cargo","1","success",9697,"tele"
436,5024,13,"cargo","top-hp","top-cargo","1","success",2994,"tele"
437,1285,13,"cargo","preload","bot-cargo","1","success",3837,"tele"
438,1285,13,"cargo","floor","top-cargo","1","success",6274,"tele"
439,1285,13,"cargo","floor","top-cargo","1","success",7460,"tele"
440,1285,13,"cargo","floor","bot-cargo","1","success",7489,"tele"
441,6867,14,"hatch","preload","bot-cargo","1","success",10686,"sandstorm"
442,6867,14,"hatch","bot-hp","front-cargo","1","success",7591,"tele"
443,6867,14,"hatch","bot-hp","bot-rocket-low","1","success",10687,"tele"
444,6867,14,"hatch","bot-hp","bot-cargo","1","success",12992,"tele"
445,6867,14,"hatch","bot-hp","front-cargo","1","success",18000,"tele"
446,6867,14,"hatch","bot-hp","top-rocket-low","1","success",13400,"tele"
447,6867,14,"hatch","bot-hp","bot-cargo","1","success",13284,"tele"
448,4308,14,"cargo","preload","dropped","0","dropped",14460,"sandstorm"
449,4308,14,"cargo","floor","bot-cargo","1","success",1573,"sandstorm"
450,4308,14,"cargo","floor","bot-cargo","1","success",3300,"sandstorm"
451,4308,14,"cargo","floor","bot-cargo","1","success",9000,"sandstorm"
452,4308,14,"cargo","floor","top-cargo","1","success",8743,"sandstorm"
453,4308,14,"cargo","floor","dropped","0","dropped",51802,"sandstorm"
454,7520,14,"cargo","preload","dropped","0","dropped",12848,"sandstorm"
455,7520,14,"cargo","floor","top-cargo","1","success",22046,"tele"
456,7520,14,"cargo","top-hp","top-cargo","1","success",5010,"tele"
457,5031,14,"cargo","preload","dropped","0","dropped",22476,"sandstorm"
458,5031,14,"cargo","floor","dropped","0","dropped",1504,"sandstorm"
459,5036,15,"hatch","preload","front-cargo","1","success",15116,"tele"
460,5036,15,"cargo","top-hp","dropped","0","dropped",2366,"tele"
461,5036,15,"cargo","top-hp","front-cargo","1","success",6937,"tele"
462,5036,15,"cargo","top-hp","bot-cargo","1","success",10419,"tele"
463,5036,15,"cargo","top-hp","bot-cargo","1","attempted",20861,"tele"
464,5036,15,"cargo","floor","bot-cargo","1","success",7219,"tele"
465,1246,15,"cargo","preload","top-cargo","1","success",5898,"tele"
466,1246,15,"cargo","top-hp","top-cargo","1","success",6863,"tele"
467,1246,15,"cargo","floor","front-cargo","1","success",7256,"tele"
468,4939,15,"cargo","preload","bot-cargo","1","attempted",9913,"tele"
469,188,15,"hatch","preload","front-cargo","1","attempted",16060,"sandstorm"
470,188,15,"cargo","floor","bot-cargo","1","success",3077,"tele"
471,188,15,"cargo","floor","bot-cargo","1","success",2084,"tele"
472,188,15,"cargo","floor","top-cargo","1","success",1897,"tele"
473,188,15,"cargo","floor","bot-cargo","1","success",1752,"tele"
474,188,15,"cargo","floor","top-cargo","1","success",6199,"tele"
475,188,15,"cargo","floor","top-cargo","1","success",13041,"tele"
476,188,15,"hatch","top-hp","dropped","0","dropped",8210,"tele"
477,5719,16,"hatch","preload","dropped","0","dropped",8560,"sandstorm"
478,5719,16,"cargo","floor","top-cargo","1","success",15588,"tele"
479,5719,16,"cargo","floor","top-cargo","1","success",8113,"tele"
480,5719,16,"cargo","floor","bot-rocket-mid","2","success",17474,"tele"
481,5406,16,"hatch","preload","bot-rocket-mid","2","success",12147,"sandstorm"
482,5406,16,"hatch","bot-hp","bot-rocket-mid","2","success",10091,"tele"
483,5406,16,"cargo","floor","bot-cargo","1","success",3802,"tele"
484,5406,16,"cargo","floor","bot-cargo","1","success",12315,"tele"
485,5406,16,"cargo","bot-hp","bot-cargo","1","success",3756,"tele"
486,5406,16,"hatch","bot-hp","top-cargo","1","success",7781,"tele"
487,5406,16,"cargo","bot-hp","bot-rocket-mid","2","success",9736,"tele"
488,5406,16,"hatch","bot-hp","front-cargo","1","success",17316,"tele"
489,919,16,"cargo","bot-hp","dropped","0","dropped",1504,"tele"
490,919,16,"cargo","bot-hp","top-cargo","1","success",15035,"tele"
491,919,16,"cargo","bot-hp","top-cargo","1","success",1687,"tele"
492,919,16,"cargo","bot-hp","dropped","0","dropped",4775,"tele"
493,6878,16,"hatch","preload","front-cargo","1","success",10529,"sandstorm"
494,7136,16,"cargo","preload","dropped","0","dropped",5935,"sandstorm"
495,7136,16,"cargo","top-hp","dropped","0","dropped",1331,"tele"
496,7136,16,"hatch","top-hp","dropped","0","dropped",8809,"tele"
497,7690,17,"cargo","preload","top-cargo","1","success",15452,"sandstorm"
498,7690,17,"cargo","top-hp","top-cargo","1","success",9507,"tele"
499,7690,17,"cargo","top-hp","top-cargo","1","success",11044,"tele"
500,7690,17,"cargo","top-hp","front-cargo","1","success",7193,"tele"
501,5039,17,"cargo","top-hp","bot-cargo","1","success",13754,"tele"
502,5039,17,"hatch","bot-hp","dropped","0","dropped",2126,"tele"
503,5039,17,"hatch","bot-hp","dropped","0","dropped",2782,"tele"
504,7710,17,"hatch","preload","front-cargo","1","success",6644,"tele"
505,5024,17,"hatch","preload","top-cargo","1","success",18935,"sandstorm"
506,5024,17,"cargo","floor","top-cargo","1","success",4827,"tele"
507,5024,17,"cargo","top-hp","top-cargo","1","success",6414,"tele"
508,5024,17,"hatch","top-hp","top-cargo","1","success",14723,"tele"
509,5024,17,"hatch","top-hp","dropped","0","dropped",2447,"tele"
510,5024,17,"cargo","top-hp","top-cargo","1","success",7233,"tele"
511,5024,17,"hatch","top-hp","front-cargo","1","attempted",23549,"tele"
512,6397,18,"hatch","preload","dropped","0","dropped",9860,"tele"
513,7476,18,"hatch","preload","bot-rocket-low","1","success",7280,"tele"
514,7476,18,"hatch","bot-hp","dropped","0","dropped",14982,"tele"
515,7476,18,"hatch","bot-hp","bot-rocket-low","1","success",26988,"tele"
516,7476,18,"cargo","bot-hp","bot-cargo","1","attempted",10534,"tele"
517,7476,18,"cargo","bot-hp","dropped","0","dropped",2977,"tele"
518,7476,18,"cargo","top-hp","bot-rocket-low","1","success",14332,"tele"
519,1285,18,"hatch","preload","front-cargo","1","success",7648,"tele"
520,1285,18,"cargo","floor","front-cargo","1","success",3654,"tele"
521,1285,18,"cargo","floor","top-cargo","1","success",7117,"tele"
522,1285,18,"cargo","floor","top-cargo","1","success",8559,"tele"
523,1285,18,"cargo","floor","top-cargo","1","success",11326,"tele"
524,1285,18,"cargo","floor","front-cargo","1","success",19161,"tele"
525,7456,18,"hatch","preload","front-cargo","1","success",9259,"sandstorm"
526,7456,18,"cargo","bot-hp","dropped","0","dropped",3235,"tele"
527,7456,18,"hatch","bot-hp","front-cargo","1","attempted",18063,"tele"
528,1246,19,"cargo","preload","top-cargo","1","success",7202,"tele"
529,4308,19,"cargo","floor","bot-cargo","1","success",4141,"tele"
530,4308,19,"cargo","bot-hp","bot-cargo","1","success",7935,"tele"
531,4308,19,"cargo","floor","top-cargo","1","success",3922,"tele"
532,4308,19,"hatch","bot-hp","top-cargo","1","success",32901,"tele"
533,4308,19,"cargo","floor","bot-cargo","1","success",6804,"tele"
534,5076,19,"hatch","top-hp","top-rocket-low","1","success",11831,"tele"
535,5076,19,"hatch","top-hp","top-rocket-low","1","success",35785,"tele"
536,5076,19,"hatch","top-hp","dropped","0","dropped",2236,"tele"
537,5076,19,"cargo","floor","top-rocket-low","1","success",7055,"tele"
538,5076,19,"cargo","top-hp","dropped","0","dropped",990,"tele"
539,5076,19,"cargo","top-hp","top-rocket-low","1","success",1811,"tele"
540,6867,19,"hatch","preload","dropped","0","dropped",12136,"sandstorm"
541,6867,19,"hatch","top-hp","top-rocket-low","1","success",21495,"tele"
542,6867,19,"hatch","top-hp","front-cargo","1","success",12825,"tele"
543,6867,19,"hatch","bot-hp","bot-rocket-low","1","success",24083,"tele"
544,6867,19,"hatch","bot-hp","dropped","0","dropped",2185,"tele"
545,188,19,"hatch","preload","front-cargo","1","success",2928,"tele"
546,188,19,"cargo","floor","bot-cargo","1","success",5214,"tele"
547,188,19,"cargo","floor","bot-cargo","1","success",11029,"tele"
548,188,19,"cargo","floor","top-cargo","1","success",6013,"tele"
549,188,19,"cargo","floor","top-cargo","1","success",6645,"tele"
550,188,19,"cargo","floor","top-rocket-low","1","success",2523,"tele"
551,188,19,"cargo","floor","dropped","0","dropped",9130,"tele"
552,188,19,"cargo","floor","front-cargo","1","success",3547,"tele"
553,188,19,"cargo","floor","top-rocket-low","1","success",5982,"tele"
554,5911,18,"cargo","preload","dropped","0","dropped",1935,"tele"
555,6866,20,"cargo","preload","bot-cargo","1","success",2863,"tele"
556,6866,20,"cargo","floor","bot-cargo","1","success",4712,"tele"
557,6866,20,"cargo","floor","bot-cargo","1","success",10820,"tele"
558,6866,20,"cargo","floor","top-cargo","1","success",6943,"tele"
559,6866,20,"cargo","floor","top-cargo","1","success",1901,"tele"
560,6866,20,"cargo","floor","top-cargo","1","success",9384,"tele"
561,6866,20,"cargo","floor","top-cargo","1","success",3245,"tele"
562,4252,20,"hatch","preload","dropped","0","dropped",18026,"tele"
563,4252,20,"hatch","top-hp","front-cargo","1","attempted",4823,"tele"
564,4252,20,"hatch","top-hp","front-cargo","1","attempted",18464,"tele"
565,4252,20,"hatch","top-hp","front-cargo","1","success",10635,"tele"
566,5031,20,"cargo","preload","top-cargo","1","success",13018,"tele"
567,5031,20,"cargo","floor","top-cargo","1","success",23917,"tele"
568,1334,20,"hatch","bot-hp","bot-rocket-low","1","attempted",39105,"tele"
569,7476,21,"hatch","preload","bot-rocket-mid","2","success",15934,"sandstorm"
570,7476,21,"cargo","bot-hp","bot-cargo","1","success",10217,"tele"
571,7476,21,"cargo","floor","bot-cargo","1","success",7979,"tele"
572,7476,21,"cargo","floor","bot-cargo","1","success",7499,"tele"
573,7476,21,"cargo","top-hp","top-cargo","1","success",5083,"tele"
574,7476,21,"cargo","top-hp","dropped","0","dropped",19717,"tele"
575,7476,21,"cargo","floor","dropped","0","dropped",5203,"tele"
576,7476,21,"cargo","floor","top-cargo","1","attempted",10357,"tele"
577,919,21,"hatch","preload","front-cargo","1","success",10688,"tele"
578,919,21,"cargo","top-hp","dropped","0","dropped",4666,"tele"
579,7710,21,"hatch","preload","dropped","0","dropped",7314,"sandstorm"
580,7710,21,"hatch","top-hp","top-rocket-low","1","success",14303,"tele"
581,7710,21,"hatch","top-hp","top-rocket-low","1","success",10101,"tele"
582,7710,21,"hatch","top-hp","dropped","0","dropped",748,"tele"
583,188,21,"hatch","preload","front-cargo","1","success",12448,"tele"
584,188,21,"cargo","bot-hp","front-cargo","1","success",115165,"tele"
585,188,21,"cargo","bot-hp","bot-cargo","1","success",2432,"tele"
586,188,21,"cargo","bot-hp","bot-cargo","1","success",2005,"tele"
587,188,21,"cargo","bot-hp","top-cargo","1","success",1702,"tele"
588,1285,21,"hatch","preload","bot-rocket-low","1","success",12901,"sandstorm"
589,1285,21,"hatch","top-hp","bot-rocket-low","1","success",32281,"tele"
590,1285,21,"cargo","floor","front-cargo","1","success",10006,"tele"
591,1285,21,"cargo","floor","top-cargo","1","success",4450,"tele"
592,1285,21,"cargo","floor","top-cargo","1","success",26758,"tele"
593,4939,21,"cargo","preload","dropped","0","dropped",1918,"sandstorm"
594,4939,21,"cargo","floor","dropped","0","dropped",23400,"tele"
595,5039,22,"hatch","preload","front-cargo","1","success",9814,"sandstorm"
596,5039,22,"cargo","top-hp","bot-cargo","1","success",7641,"tele"
597,5039,22,"cargo","top-hp","bot-cargo","1","success",8641,"tele"
598,5039,22,"cargo","top-hp","front-cargo","1","success",39653,"tele"
599,5039,22,"cargo","top-hp","bot-cargo","1","success",16293,"tele"
600,746,22,"hatch","preload","front-cargo","1","success",47246,"sandstorm"
601,746,22,"hatch","bot-hp","bot-rocket-low","1","success",39595,"sandstorm"
602,4308,22,"cargo","preload","top-cargo","1","success",4478,"tele"
603,4308,22,"cargo","floor","top-cargo","1","success",7540,"tele"
604,6878,22,"hatch","preload","bot-rocket-low","1","success",5772,"tele"
605,6878,22,"hatch","bot-hp","bot-rocket-low","1","success",45456,"tele"
606,6878,22,"cargo","bot-hp","bot-rocket-low","1","success",15182,"tele"
607,6878,22,"cargo","bot-hp","bot-cargo","1","success",19920,"tele"
608,5076,22,"cargo","preload","top-cargo","1","success",12286,"tele"
609,5076,22,"cargo","top-hp","top-cargo","1","success",10063,"tele"
610,5076,22,"cargo","top-hp","bot-cargo","1","attempted",25555,"tele"
611,5076,22,"cargo","top-hp","top-cargo","1","attempted",14183,"tele"
612,2706,22,"hatch","bot-hp","bot-rocket-high","3","attempted",25532,"tele"
613,2706,22,"cargo","floor","bot-rocket-high","3","attempted",14887,"tele"
614,2706,22,"cargo","floor","bot-rocket-low","1","success",3416,"tele"
615,1334,23,"hatch","preload","dropped","0","dropped",3481,"sandstorm"
616,1334,23,"hatch","top-hp","front-cargo","1","success",25147,"tele"
617,1334,23,"cargo","floor","dropped","0","dropped",3166,"tele"
618,1334,23,"hatch","top-hp","dropped","0","dropped",46894,"tele"
619,6867,23,"hatch","preload","top-cargo","1","success",14952,"tele"
620,6867,23,"hatch","top-hp","front-cargo","1","success",12902,"tele"
621,6867,23,"hatch","top-hp","top-rocket-low","1","success",15514,"tele"
622,6867,23,"hatch","top-hp","bot-rocket-low","1","attempted",3639,"tele"
623,5024,23,"hatch","preload","front-cargo","1","success",12419,"sandstorm"
624,5024,23,"cargo","top-hp","dropped","0","dropped",1043,"tele"
625,5024,23,"cargo","top-hp","top-cargo","1","success",12604,"tele"
626,5024,23,"cargo","top-hp","top-cargo","1","success",13376,"tele"
627,5024,23,"cargo","top-hp","dropped","0","dropped",5023,"tele"
628,5024,23,"cargo","top-hp","top-rocket-low","1","success",24493,"tele"
629,5031,23,"cargo","floor","bot-cargo","1","success",29047,"tele"
630,6866,23,"cargo","preload","bot-cargo","1","success",14613,"sandstorm"
631,6866,23,"cargo","floor","bot-cargo","1","success",16642,"tele"
632,6866,23,"cargo","floor","front-cargo","1","success",11763,"tele"
633,6866,23,"cargo","floor","bot-cargo","1","success",14233,"tele"
634,6866,23,"cargo","floor","top-cargo","1","success",31928,"tele"
635,6866,23,"cargo","floor","top-rocket-low","1","success",7481,"tele"
636,4252,24,"hatch","preload","front-cargo","1","attempted",11244,"tele"
637,7690,24,"cargo","preload","bot-cargo","1","success",13361,"sandstorm"
638,7690,24,"cargo","bot-hp","bot-cargo","1","success",6192,"tele"
639,7690,24,"cargo","bot-hp","bot-cargo","1","success",12111,"tele"
640,7690,24,"cargo","bot-hp","top-cargo","1","success",16253,"tele"
641,7690,24,"cargo","bot-hp","top-cargo","1","success",9136,"tele"
642,7690,24,"cargo","bot-hp","top-cargo","1","attempted",11473,"tele"
643,6342,24,"cargo","floor","dropped","0","dropped",1242,"tele"
644,7136,24,"cargo","top-hp","dropped","0","dropped",3441,"tele"
645,7136,24,"cargo","bot-hp","dropped","0","dropped",880,"tele"
646,7136,24,"cargo","bot-hp","dropped","0","dropped",9178,"tele"
647,1246,24,"cargo","floor","bot-cargo","1","success",9442,"tele"
648,1246,24,"cargo","floor","dropped","0","dropped",19818,"tele"
649,1246,24,"cargo","floor","top-cargo","1","success",54283,"tele"
650,7456,25,"hatch","preload","front-cargo","1","attempted",9177,"sandstorm"
651,7456,25,"cargo","bot-hp","bot-cargo","1","success",17865,"tele"
652,7456,25,"cargo","bot-hp","bot-cargo","1","success",20063,"tele"
653,7456,25,"cargo","bot-hp","bot-cargo","1","success",16353,"tele"
654,5036,25,"hatch","preload","front-cargo","1","success",13433,"sandstorm"
655,5036,25,"hatch","top-hp","bot-rocket-low","1","attempted",15006,"tele"
656,5036,25,"hatch","top-hp","bot-rocket-low","1","success",23400,"tele"
657,5036,25,"cargo","floor","top-cargo","1","success",5180,"tele"
658,5036,25,"cargo","floor","top-cargo","1","success",12821,"tele"
659,5036,25,"cargo","floor","top-cargo","1","success",7740,"tele"
660,5036,25,"cargo","floor","bot-cargo","1","success",16436,"tele"
661,5036,25,"cargo","floor","bot-cargo","1","success",8223,"tele"
662,7520,25,"cargo","preload","top-cargo","1","success",28537,"sandstorm"
663,7520,25,"cargo","floor","top-cargo","1","success",17520,"sandstorm"
664,7520,25,"cargo","floor","top-cargo","1","success",12456,"sandstorm"
665,7520,25,"cargo","floor","front-cargo","1","success",6929,"tele"
666,7520,25,"hatch","top-hp","front-cargo","1","success",8698,"tele"
667,5911,25,"hatch","preload","dropped","0","dropped",2330,"sandstorm"
668,5911,25,"hatch","top-hp","dropped","0","dropped",35300,"tele"
675,5024,26,"hatch","bot-hp","bot-cargo","1","success",2096,"tele"
676,5024,26,"cargo","floor","dropped","0","dropped",514,"tele"
677,5024,26,"hatch","bot-hp","front-cargo","1","success",11522,"tele"
678,5024,26,"hatch","bot-hp","dropped","0","dropped",14553,"tele"
679,6867,26,"hatch","top-hp","top-cargo","1","success",7343,"tele"
680,6867,26,"hatch","top-hp","bot-rocket-low","1","success",8438,"tele"
681,6867,26,"hatch","top-hp","top-rocket-low","1","success",2952,"tele"
682,188,26,"hatch","preload","front-cargo","1","success",4303,"tele"
683,188,26,"cargo","floor","bot-cargo","1","success",14244,"tele"
684,188,26,"cargo","floor","bot-cargo","1","success",2081,"tele"
685,188,26,"cargo","floor","top-cargo","1","success",3223,"tele"
686,188,26,"cargo","floor","front-cargo","1","success",8826,"tele"
687,188,26,"hatch","top-hp","dropped","0","dropped",3607,"tele"
688,5076,26,"cargo","preload","bot-cargo","1","success",6757,"tele"
689,5076,26,"cargo","bot-hp","bot-cargo","1","success",12639,"tele"
690,5076,26,"hatch","bot-hp","front-cargo","1","success",13554,"tele"
691,5076,26,"cargo","bot-hp","top-rocket-low","1","attempted",22782,"tele"
692,1334,26,"hatch","preload","front-cargo","1","attempted",20007,"sandstorm"
693,1334,26,"cargo","floor","front-cargo","1","attempted",12654,"tele"
694,5039,27,"hatch","preload","dropped","0","dropped",10132,"sandstorm"
695,5039,27,"hatch","top-hp","dropped","0","dropped",24553,"tele"
696,5039,27,"cargo","top-hp","top-cargo","1","success",6062,"tele"
697,5039,27,"cargo","top-hp","top-cargo","1","success",7070,"tele"
698,5039,27,"cargo","top-hp","dropped","0","dropped",5475,"tele"
699,5039,27,"cargo","top-hp","bot-cargo","1","success",10243,"tele"
700,5039,27,"cargo","top-hp","bot-cargo","1","success",18669,"tele"
701,5036,27,"hatch","preload","front-cargo","1","success",13422,"sandstorm"
702,5036,27,"cargo","bot-hp","bot-cargo","1","success",6648,"tele"
703,5036,27,"cargo","floor","bot-cargo","1","success",7105,"tele"
704,5036,27,"cargo","bot-hp","bot-cargo","1","success",3657,"tele"
705,5036,27,"cargo","floor","top-cargo","1","success",31031,"tele"
706,5036,27,"cargo","bot-hp","front-cargo","1","success",5667,"tele"
707,5036,27,"cargo","bot-hp","top-cargo","1","success",31052,"tele"
708,7710,27,"hatch","top-hp","dropped","0","dropped",1511,"tele"
709,7710,27,"hatch","top-hp","bot-rocket-low","1","success",32675,"tele"
710,7710,27,"hatch","top-hp","bot-rocket-low","1","success",2364,"tele"
711,7520,27,"hatch","top-hp","front-cargo","1","success",36096,"tele"
712,1246,27,"cargo","preload","top-cargo","1","success",5391,"tele"
719,5406,25,"cargo","bot-hp","dropped","0","dropped",9634,"tele"
720,5406,25,"hatch","bot-hp","bot-rocket-mid","2","success",5762,"tele"
721,5406,25,"hatch","bot-hp","bot-rocket-low","1","success",2086,"tele"
722,5406,25,"hatch","bot-hp","bot-rocket-mid","2","success",7331,"tele"
723,5406,25,"cargo","floor","bot-rocket-mid","2","success",19435,"tele"
724,5406,25,"hatch","floor","dropped","0","dropped",16707,"tele"
725,5406,27,"hatch","bot-hp","bot-rocket-mid","2","success",6439,"tele"
726,5406,27,"cargo","floor","bot-rocket-mid","2","success",15181,"tele"
727,6866,28,"cargo","preload","bot-cargo","1","success",13306,"sandstorm"
728,7456,28,"hatch","top-hp","front-cargo","1","success",7841,"tele"
729,7456,28,"cargo","top-hp","front-cargo","1","attempted",8954,"tele"
730,7456,28,"cargo","top-hp","top-cargo","1","success",21056,"tele"
731,7456,28,"cargo","top-hp","top-cargo","1","success",13303,"tele"
732,919,28,"hatch","preload","front-cargo","1","success",8369,"sandstorm"
733,4308,28,"cargo","preload","bot-cargo","1","success",6342,"tele"
734,4308,28,"cargo","floor","bot-cargo","1","success",6456,"tele"
735,4308,28,"cargo","floor","bot-cargo","1","success",6806,"tele"
736,4308,28,"cargo","floor","front-cargo","1","success",10549,"tele"
737,4308,28,"cargo","floor","top-cargo","1","success",6820,"tele"
738,4308,28,"cargo","floor","dropped","0","dropped",5611,"tele"
739,6878,28,"hatch","preload","front-cargo","1","success",3479,"sandstorm"
740,6878,28,"hatch","top-hp","top-rocket-low","1","success",11844,"tele"
741,6878,28,"hatch","top-hp","front-cargo","1","success",17787,"tele"
742,6878,28,"hatch","top-hp","dropped","0","dropped",2888,"tele"
743,6878,28,"hatch","top-hp","bot-rocket-low","1","success",34986,"tele"
744,6878,28,"hatch","top-hp","bot-rocket-low","1","success",12765,"tele"
745,6878,28,"cargo","top-hp","top-cargo","1","success",9809,"tele"
746,1285,29,"hatch","preload","dropped","0","dropped",4515,"sandstorm"
747,1285,29,"hatch","bot-hp","dropped","0","dropped",2241,"sandstorm"
748,1285,29,"cargo","bot-hp","dropped","0","dropped",2609,"sandstorm"
749,1285,29,"cargo","floor","bot-cargo","1","success",3568,"sandstorm"
750,1285,29,"cargo","floor","bot-cargo","1","success",4576,"sandstorm"
751,1285,29,"cargo","floor","bot-cargo","1","success",12052,"tele"
752,1285,29,"cargo","floor","top-cargo","1","success",13446,"tele"
753,1285,29,"cargo","floor","top-cargo","1","success",11286,"tele"
754,5031,29,"hatch","top-hp","top-rocket-low","1","success",24059,"tele"
755,5031,29,"hatch","top-hp","top-rocket-high","3","success",11639,"tele"
756,5031,29,"hatch","top-hp","top-rocket-mid","2","success",2878,"tele"
757,5911,29,"hatch","preload","bot-rocket-low","1","success",15929,"tele"
758,5911,29,"hatch","bot-hp","dropped","0","dropped",2013,"tele"
759,5911,29,"hatch","bot-hp","dropped","0","dropped",1619,"tele"
760,746,29,"hatch","preload","front-cargo","1","success",9695,"tele"
761,5719,29,"hatch","preload","dropped","0","dropped",7836,"sandstorm"
762,5719,29,"cargo","floor","top-cargo","1","success",10060,"tele"
763,5719,29,"cargo","floor","bot-cargo","1","success",4463,"tele"
764,4252,29,"hatch","preload","dropped","0","dropped",8548,"sandstorm"
765,4252,29,"hatch","bot-hp","bot-rocket-low","1","attempted",4367,"sandstorm"
766,4252,29,"hatch","top-hp","top-rocket-low","1","success",18971,"sandstorm"
767,4252,29,"hatch","top-hp","front-cargo","1","success",13464,"sandstorm"
768,4939,30,"hatch","preload","bot-rocket-low","1","success",3234,"tele"
769,4939,30,"hatch","bot-hp","dropped","0","dropped",5274,"tele"
770,4939,30,"hatch","bot-hp","dropped","0","dropped",6863,"tele"
771,4939,30,"hatch","bot-hp","dropped","0","dropped",9731,"tele"
772,2706,30,"hatch","preload","front-cargo","1","success",11197,"sandstorm"
773,2706,30,"cargo","floor","bot-cargo","1","success",13556,"tele"
774,2706,30,"cargo","floor","top-cargo","1","attempted",7642,"tele"
775,2706,30,"cargo","floor","bot-cargo","1","success",21937,"tele"
776,2706,30,"cargo","floor","bot-cargo","1","success",6436,"tele"
777,2706,30,"cargo","floor","top-cargo","1","success",3025,"tele"
778,2706,30,"cargo","floor","dropped","0","dropped",14548,"tele"
779,2706,30,"hatch","bot-hp","dropped","0","dropped",9352,"tele"
780,7136,30,"cargo","preload","top-cargo","1","success",10106,"tele"
781,7136,30,"cargo","top-hp","top-cargo","1","success",18796,"tele"
782,7690,30,"cargo","preload","bot-cargo","1","success",10142,"sandstorm"
783,7690,30,"cargo","bot-hp","bot-cargo","1","success",4024,"tele"
784,7690,30,"cargo","bot-hp","bot-cargo","1","success",5149,"tele"
785,7690,30,"cargo","bot-hp","front-cargo","1","success",6413,"tele"
786,7690,30,"hatch","bot-hp","front-cargo","1","attempted",3039,"tele"
787,7690,30,"cargo","bot-hp","top-cargo","1","attempted",4359,"tele"
788,7690,30,"cargo","bot-hp","top-cargo","1","success",6310,"tele"
789,6162,30,"cargo","floor","dropped","0","dropped",82313,"tele"
790,6397,30,"hatch","preload","dropped","0","dropped",7208,"tele"
791,1334,31,"cargo","top-hp","top-cargo","1","success",6368,"tele"
792,4308,31,"cargo","preload","top-rocket-low","1","attempted",16644,"tele"
793,4308,31,"cargo","floor","top-cargo","1","success",19725,"tele"
794,7520,31,"hatch","preload","front-cargo","1","success",15168,"tele"
795,7520,31,"cargo","floor","front-cargo","1","attempted",5414,"tele"
796,7520,31,"cargo","floor","front-cargo","1","success",9644,"tele"
797,7520,31,"cargo","floor","bot-cargo","1","success",11505,"tele"
798,5719,31,"hatch","preload","dropped","0","dropped",6145,"sandstorm"
799,5719,31,"cargo","floor","dropped","0","dropped",15193,"tele"
800,5719,31,"cargo","floor","front-cargo","1","success",4917,"tele"
801,5719,31,"cargo","floor","top-cargo","1","success",12182,"tele"
802,5719,31,"cargo","floor","front-cargo","1","attempted",35975,"tele"
803,5719,31,"hatch","floor","dropped","0","dropped",1364,"tele"
804,1285,31,"hatch","preload","dropped","0","dropped",4798,"sandstorm"
805,1285,31,"hatch","bot-hp","front-cargo","1","success",13219,"tele"
806,1285,31,"cargo","floor","bot-cargo","1","success",7574,"tele"
807,1285,31,"cargo","bot-hp","bot-cargo","1","success",5860,"tele"
808,1285,31,"cargo","floor","bot-cargo","1","success",3509,"tele"
809,1285,31,"cargo","bot-hp","top-cargo","1","success",16709,"tele"
810,1285,31,"hatch","bot-hp","dropped","0","dropped",1406,"tele"
811,1285,31,"hatch","bot-hp","front-cargo","1","success",12834,"tele"
812,5039,32,"cargo","preload","top-cargo","1","success",13075,"sandstorm"
813,5039,32,"cargo","top-hp","top-cargo","1","success",6431,"tele"
814,5039,32,"cargo","top-hp","top-cargo","1","success",47309,"tele"
815,5039,32,"cargo","top-hp","front-cargo","1","success",18815,"tele"
816,5039,32,"cargo","top-hp","front-cargo","1","success",11659,"tele"
817,5039,32,"cargo","top-hp","top-cargo","1","success",6220,"tele"
818,5036,32,"hatch","preload","front-cargo","1","success",15960,"sandstorm"
819,5036,32,"hatch","top-hp","front-cargo","1","success",24577,"tele"
820,5036,32,"cargo","floor","top-cargo","1","success",12186,"tele"
821,5036,32,"cargo","floor","top-cargo","1","success",5021,"tele"
822,5036,32,"cargo","floor","top-cargo","1","success",2413,"tele"
823,5036,32,"cargo","floor","front-cargo","1","success",5753,"tele"
824,5036,32,"cargo","floor","bot-cargo","1","success",11515,"tele"
825,5036,32,"cargo","floor","bot-cargo","1","success",16216,"tele"
826,4252,32,"cargo","preload","dropped","0","dropped",29612,"tele"
827,4252,32,"hatch","top-hp","dropped","0","dropped",97403,"tele"
828,6867,32,"hatch","preload","bot-cargo","1","success",13404,"sandstorm"
829,6867,32,"hatch","bot-hp","bot-cargo","1","success",13647,"tele"
830,6867,32,"hatch","bot-hp","bot-rocket-low","1","success",13131,"tele"
831,6867,32,"hatch","bot-hp","front-cargo","1","success",10190,"tele"
832,6867,32,"hatch","bot-hp","front-cargo","1","success",16634,"tele"
833,6867,32,"hatch","bot-hp","bot-rocket-low","1","success",18403,"tele"
834,6867,32,"hatch","bot-hp","bot-cargo","1","attempted",24234,"tele"
835,5406,33,"hatch","preload","bot-rocket-mid","2","success",16441,"sandstorm"
836,5406,33,"hatch","bot-hp","bot-rocket-mid","2","success",8401,"tele"
837,5406,33,"hatch","bot-hp","bot-rocket-high","3","success",3931,"tele"
838,5406,33,"hatch","bot-hp","bot-rocket-high","3","success",9282,"tele"
839,5406,33,"hatch","bot-hp","bot-rocket-low","1","success",24605,"tele"
840,5406,33,"hatch","bot-hp","bot-rocket-low","1","success",9817,"tele"
841,5406,33,"cargo","bot-hp","bot-rocket-low","1","success",20348,"tele"
842,7690,33,"cargo","preload","bot-cargo","1","success",8923,"sandstorm"
843,7690,33,"cargo","bot-hp","bot-cargo","1","success",5955,"tele"
844,7690,33,"cargo","bot-hp","bot-cargo","1","success",8403,"tele"
845,7690,33,"hatch","bot-hp","front-cargo","1","attempted",45134,"tele"
846,1246,33,"cargo","preload","top-cargo","1","success",12658,"sandstorm"
847,1246,33,"cargo","top-hp","top-cargo","1","success",12352,"tele"
848,1246,33,"cargo","top-hp","dropped","0","dropped",8833,"tele"
849,188,33,"hatch","preload","front-cargo","1","success",5781,"tele"
850,188,33,"hatch","top-hp","dropped","0","dropped",1184,"tele"
851,188,33,"cargo","floor","bot-rocket-mid","2","success",2110,"tele"
852,188,33,"cargo","floor","bot-rocket-mid","2","success",1763,"tele"
853,188,33,"cargo","floor","top-cargo","1","success",1684,"tele"
854,188,33,"cargo","floor","bot-rocket-high","3","success",9009,"tele"
855,188,33,"cargo","floor","bot-rocket-high","3","success",3291,"tele"
856,188,33,"cargo","floor","bot-cargo","1","success",6141,"tele"
857,188,33,"cargo","floor","dropped","0","dropped",8785,"tele"
858,188,33,"cargo","floor","dropped","0","dropped",6614,"tele"
859,7456,33,"hatch","preload","front-cargo","1","success",2993,"tele"
860,7456,33,"hatch","preload","front-cargo","1","success",2993,"tele"
861,7476,34,"hatch","preload","top-cargo","1","success",8323,"tele"
862,7476,34,"hatch","top-hp","top-rocket-low","1","success",2962,"tele"
863,7476,34,"cargo","floor","top-cargo","1","success",25516,"tele"
864,7476,34,"cargo","floor","dropped","0","dropped",11518,"tele"
865,7476,34,"cargo","floor","front-cargo","1","attempted",12920,"tele"
866,7476,34,"cargo","floor","dropped","0","dropped",1928,"tele"
867,919,34,"hatch","preload","front-cargo","1","success",8331,"tele"
868,919,34,"cargo","bot-hp","bot-cargo","1","success",38146,"tele"
869,6878,34,"hatch","preload","front-cargo","1","success",15438,"sandstorm"
870,6878,34,"cargo","bot-hp","bot-cargo","1","success",7899,"tele"
871,6878,34,"cargo","bot-hp","bot-cargo","1","success",14747,"tele"
872,6878,34,"cargo","bot-hp","bot-cargo","1","attempted",41622,"tele"
873,6878,34,"hatch","bot-hp","bot-rocket-low","1","success",9501,"tele"
874,6878,34,"hatch","bot-hp","bot-rocket-low","1","success",8429,"tele"
875,5031,34,"cargo","preload","top-cargo","1","success",6906,"tele"
876,5031,34,"cargo","floor","dropped","0","dropped",7649,"tele"
877,5031,34,"cargo","top-hp","top-cargo","1","success",22760,"tele"
878,5031,34,"cargo","floor","dropped","0","dropped",16897,"tele"
879,5031,34,"cargo","floor","top-cargo","1","success",9490,"tele"
880,5031,34,"cargo","top-hp","front-cargo","1","attempted",23528,"tele"
881,6866,35,"cargo","preload","bot-cargo","1","success",11836,"sandstorm"
882,6866,35,"cargo","floor","bot-cargo","1","success",9978,"tele"
883,6866,35,"cargo","floor","bot-cargo","1","success",7716,"tele"
884,6866,35,"cargo","floor","front-cargo","1","success",15833,"tele"
885,6866,35,"cargo","floor","top-cargo","1","attempted",13295,"tele"
886,6866,35,"cargo","floor","top-cargo","1","attempted",13022,"tele"
887,6866,35,"cargo","floor","top-cargo","1","success",11071,"tele"
888,6866,35,"cargo","floor","top-cargo","1","attempted",22356,"tele"
898,2706,35,"hatch","preload","front-cargo","1","success",7043,"sandstorm"
899,2706,35,"cargo","floor","dropped","0","dropped",6548,"tele"
900,2706,35,"hatch","bot-hp","front-cargo","1","success",12052,"tele"
901,2706,35,"hatch","top-hp","top-rocket-high","3","success",17613,"tele"
902,2706,35,"cargo","floor","dropped","0","dropped",7521,"tele"
903,2706,35,"cargo","floor","dropped","0","dropped",4747,"tele"
904,2706,35,"hatch","top-hp","dropped","0","dropped",3470,"tele"
905,2706,35,"hatch","top-hp","dropped","0","dropped",8865,"tele"
906,2706,35,"hatch","top-hp","dropped","0","dropped",25017,"tele"
907,5024,35,"hatch","preload","bot-cargo","1","success",18389,"sandstorm"
908,5024,35,"hatch","bot-hp","front-cargo","1","success",24302,"tele"
909,5024,35,"cargo","bot-hp","dropped","0","dropped",11476,"tele"
910,5024,35,"cargo","bot-hp","dropped","0","dropped",11959,"tele"
911,5024,35,"cargo","bot-hp","bot-cargo","1","success",12994,"tele"
912,5024,35,"cargo","bot-hp","bot-cargo","1","attempted",17866,"tele"
913,7710,35,"hatch","preload","front-cargo","1","attempted",19725,"tele"
914,7710,35,"hatch","top-hp","dropped","0","dropped",3540,"tele"
915,7710,35,"hatch","top-hp","top-rocket-low","1","success",14560,"tele"
916,7710,35,"hatch","top-hp","dropped","0","dropped",1512,"tele"
917,4308,36,"cargo","top-hp","top-cargo","1","success",31697,"tele"
918,1334,36,"hatch","preload","front-cargo","1","success",22240,"tele"
919,1334,36,"cargo","floor","dropped","0","dropped",9185,"tele"
920,1334,36,"cargo","floor","dropped","0","dropped",1369,"tele"
921,1334,36,"cargo","floor","dropped","0","dropped",5953,"tele"
922,1334,36,"cargo","floor","front-cargo","1","success",3851,"tele"
923,1334,36,"hatch","bot-hp","front-cargo","1","attempted",38600,"tele"
924,7690,36,"cargo","preload","bot-cargo","1","success",7158,"sandstorm"
925,7690,36,"cargo","bot-hp","bot-cargo","1","success",6827,"tele"
926,7690,36,"cargo","bot-hp","bot-cargo","1","success",9668,"tele"
927,7690,36,"cargo","bot-hp","front-cargo","1","success",3393,"tele"
928,7690,36,"cargo","bot-hp","top-cargo","1","success",10209,"tele"
929,7690,36,"cargo","bot-hp","dropped","0","dropped",12763,"tele"
930,7690,36,"hatch","bot-hp","dropped","0","dropped",23052,"tele"
931,5036,36,"hatch","preload","front-cargo","1","success",10013,"sandstorm"
932,5036,36,"hatch","top-hp","dropped","0","dropped",1737,"sandstorm"
933,5036,36,"hatch","top-hp","dropped","0","dropped",5124,"tele"
934,5036,36,"hatch","top-hp","front-cargo","1","success",14097,"tele"
935,5036,36,"cargo","floor","top-cargo","1","success",4711,"tele"
936,5036,36,"cargo","floor","top-cargo","1","success",25399,"tele"
937,5036,36,"hatch","top-hp","top-rocket-low","1","success",30189,"tele"
938,5406,37,"hatch","preload","bot-rocket-low","1","success",13801,"sandstorm"
939,5406,37,"hatch","bot-hp","bot-rocket-low","1","success",7867,"tele"
940,5406,37,"cargo","bot-hp","bot-rocket-low","1","success",5123,"tele"
941,5406,37,"cargo","bot-hp","bot-rocket-low","1","success",3959,"tele"
942,5406,37,"hatch","bot-hp","bot-rocket-mid","2","success",6593,"tele"
943,5406,37,"cargo","floor","bot-rocket-mid","2","success",4968,"tele"
944,5406,37,"cargo","floor","bot-rocket-mid","2","success",11564,"tele"
945,5406,37,"hatch","bot-hp","bot-rocket-high","3","success",12362,"tele"
946,5406,37,"hatch","bot-hp","bot-rocket-high","3","success",6998,"tele"
947,5406,37,"cargo","floor","bot-rocket-high","3","success",8597,"tele"
948,5406,37,"cargo","floor","bot-rocket-high","3","attempted",14988,"tele"
949,919,37,"hatch","preload","front-cargo","1","success",11759,"sandstorm"
950,919,37,"cargo","bot-hp","dropped","0","dropped",10249,"tele"
951,919,37,"cargo","bot-hp","bot-cargo","1","attempted",19685,"tele"
952,919,37,"cargo","bot-hp","bot-cargo","1","success",17101,"tele"
953,919,37,"cargo","bot-hp","bot-cargo","1","attempted",12112,"tele"
954,919,37,"cargo","bot-hp","dropped","0","dropped",1929,"tele"
955,7520,37,"hatch","preload","front-cargo","1","attempted",5851,"sandstorm"
956,7520,37,"cargo","floor","top-cargo","1","success",8718,"tele"
957,7520,37,"cargo","floor","top-cargo","1","success",17423,"tele"
958,7520,37,"cargo","floor","top-cargo","1","attempted",71405,"tele"
959,4252,37,"hatch","preload","dropped","0","dropped",19917,"tele"
960,4252,37,"hatch","bot-hp","bot-rocket-low","1","success",10282,"tele"
961,4252,37,"hatch","bot-hp","front-cargo","1","success",16759,"tele"
962,4252,37,"hatch","bot-hp","front-cargo","1","success",20389,"tele"
963,4252,37,"hatch","bot-hp","dropped","0","dropped",23579,"tele"
964,5076,37,"hatch","preload","bot-rocket-low","1","success",5406,"tele"
965,6867,38,"hatch","preload","bot-cargo","1","success",4758,"tele"
966,6867,38,"hatch","bot-hp","bot-cargo","1","success",9832,"tele"
967,6867,38,"hatch","bot-hp","bot-cargo","1","success",21043,"tele"
968,6867,38,"hatch","bot-hp","bot-rocket-low","1","success",1955,"tele"
969,6867,38,"hatch","bot-hp","front-cargo","1","success",17543,"tele"
970,6867,38,"hatch","bot-hp","front-cargo","1","success",11548,"tele"
971,6867,38,"hatch","bot-hp","top-rocket-low","1","success",10564,"tele"
972,188,38,"hatch","preload","front-cargo","1","success",2831,"tele"
973,188,38,"cargo","bot-hp","bot-cargo","1","success",6787,"tele"
974,188,38,"cargo","floor","bot-cargo","1","success",4890,"tele"
975,188,38,"cargo","floor","bot-cargo","1","success",2403,"tele"
976,188,38,"hatch","bot-hp","top-rocket-mid","2","success",7069,"tele"
977,188,38,"cargo","floor","top-rocket-mid","2","success",6425,"tele"
978,188,38,"cargo","floor","top-rocket-mid","2","success",12846,"tele"
979,188,38,"hatch","bot-hp","top-rocket-low","1","success",13072,"tele"
980,188,38,"cargo","floor","top-rocket-low","1","success",7354,"tele"
981,188,38,"hatch","top-hp","dropped","0","dropped",3745,"tele"
982,5031,38,"cargo","preload","top-cargo","1","success",6373,"tele"
983,5031,38,"cargo","floor","top-cargo","1","success",9607,"tele"
984,5031,38,"cargo","floor","dropped","0","dropped",2777,"tele"
985,5031,38,"cargo","floor","dropped","0","dropped",30679,"tele"
986,5031,38,"cargo","floor","dropped","0","dropped",3211,"tele"
987,7476,38,"hatch","preload","top-rocket-mid","2","success",16359,"tele"
988,7476,38,"hatch","top-hp","top-rocket-high","3","success",24452,"tele"
989,7476,38,"cargo","top-hp","top-rocket-high","3","success",21522,"tele"
990,7476,38,"cargo","floor","top-rocket-low","1","success",20470,"tele"
991,5719,10,"hatch","preload","dropped","0","dropped",5126,"sandstorm"
992,5719,10,"cargo","floor","top-cargo","1","attempted",23094,"tele"
993,5719,10,"cargo","floor","top-cargo","1","success",10794,"tele"
994,5719,10,"cargo","floor","front-cargo","1","success",6086,"tele"
995,5719,10,"cargo","floor","top-cargo","1","success",9772,"tele"
996,5719,10,"cargo","floor","dropped","0","dropped",7433,"tele"
997,5076,11,"hatch","preload","top-rocket-low","1","success",28883,"sandstorm"
998,5076,11,"cargo","top-hp","top-cargo","1","success",8847,"sandstorm"
999,5076,11,"cargo","top-hp","top-cargo","1","success",9413,"sandstorm"
1000,5076,11,"hatch","top-hp","top-rocket-low","1","success",18197,"sandstorm"
1001,5076,11,"cargo","top-hp","top-rocket-low","1","success",23188,"sandstorm"
1002,2706,38,"hatch","preload","top-cargo","1","success",21683,"sandstorm"
1003,2706,38,"cargo","floor","top-cargo","1","success",9375,"sandstorm"
1004,2706,38,"cargo","floor","top-cargo","1","success",13781,"sandstorm"
1005,2706,38,"hatch","top-hp","dropped","0","dropped",3851,"sandstorm"
1006,2706,38,"hatch","top-hp","top-rocket-low","1","success",17692,"sandstorm"
1007,2706,38,"hatch","top-hp","dropped","0","dropped",2116,"sandstorm"
1008,2706,38,"hatch","top-hp","top-rocket-high","3","success",27672,"sandstorm"
1009,5039,39,"cargo","preload","bot-cargo","1","success",9016,"sandstorm"
1010,5039,39,"cargo","bot-hp","bot-cargo","1","success",5514,"tele"
1011,5039,39,"cargo","bot-hp","bot-cargo","1","success",14673,"tele"
1012,5039,39,"hatch","bot-hp","front-cargo","1","success",24049,"tele"
1013,5039,39,"cargo","top-hp","dropped","0","dropped",3911,"tele"
1014,5039,39,"cargo","top-hp","dropped","0","dropped",1521,"tele"
1015,6866,39,"cargo","preload","bot-cargo","1","success",17129,"sandstorm"
1016,6866,39,"cargo","floor","bot-rocket-mid","2","success",13500,"tele"
1017,6866,39,"cargo","floor","bot-cargo","1","success",1452,"tele"
1018,6866,39,"cargo","floor","front-cargo","1","success",14139,"tele"
1019,6866,39,"cargo","floor","top-cargo","1","success",12123,"tele"
1020,6866,39,"cargo","floor","top-cargo","1","success",5915,"tele"
1021,6866,39,"cargo","floor","top-cargo","1","success",3631,"tele"
1022,6866,39,"cargo","floor","dropped","0","dropped",10521,"tele"
1023,5719,39,"hatch","preload","dropped","0","dropped",3450,"sandstorm"
1024,5719,39,"hatch","top-hp","front-cargo","1","success",8295,"tele"
1025,5719,39,"hatch","top-hp","dropped","0","dropped",757,"tele"
1026,5719,39,"hatch","top-hp","dropped","0","dropped",925,"tele"
1027,5719,39,"hatch","top-hp","dropped","0","dropped",848,"tele"
1033,4939,39,"cargo","preload","dropped","0","dropped",6686,"sandstorm"
1034,4939,39,"cargo","top-hp","top-cargo","1","success",9182,"sandstorm"
1035,4939,39,"cargo","top-hp","dropped","0","dropped",17214,"sandstorm"
1036,4939,39,"cargo","top-hp","dropped","0","dropped",14167,"sandstorm"
1037,4939,39,"hatch","bot-hp","dropped","0","dropped",58282,"sandstorm"
1038,1285,40,"hatch","preload","front-cargo","1","success",16753,"sandstorm"
1039,1285,40,"cargo","floor","bot-cargo","1","success",3946,"tele"
1040,1285,40,"hatch","bot-hp","front-cargo","1","success",8744,"tele"
1041,1285,40,"cargo","floor","bot-cargo","1","success",5045,"tele"
1042,1285,40,"cargo","floor","front-cargo","1","success",8952,"tele"
1043,1285,40,"cargo","floor","bot-cargo","1","success",6596,"tele"
1044,1285,40,"cargo","floor","top-cargo","1","success",7821,"tele"
1045,1285,40,"cargo","floor","front-cargo","1","success",7988,"tele"
1046,7456,40,"hatch","preload","front-cargo","1","success",38001,"tele"
1047,1246,40,"cargo","preload","top-cargo","1","success",1279,"tele"
1048,5024,40,"hatch","preload","top-cargo","1","success",18252,"sandstorm"
1049,5024,40,"cargo","top-hp","top-cargo","1","success",26167,"tele"
1050,5024,40,"cargo","top-hp","top-cargo","1","success",8441,"tele"
1051,5024,40,"cargo","top-hp","dropped","0","dropped",16088,"tele"
1052,5024,40,"cargo","top-hp","front-cargo","1","success",6741,"tele"
1053,6878,40,"hatch","preload","front-cargo","1","success",1618,"tele"
1054,7136,40,"hatch","bot-hp","bot-cargo","1","attempted",22558,"tele"
1055,7136,40,"hatch","top-hp","dropped","0","dropped",5429,"tele"
1056,7690,41,"cargo","preload","bot-cargo","1","success",11596,"sandstorm"
1057,7690,41,"cargo","bot-hp","bot-cargo","1","success",11174,"tele"
1058,7690,41,"cargo","bot-hp","bot-cargo","1","attempted",10062,"tele"
1059,7690,41,"hatch","bot-hp","bot-cargo","1","success",13256,"tele"
1060,7690,41,"cargo","bot-hp","top-cargo","1","success",10042,"tele"
1061,7690,41,"cargo","bot-hp","top-cargo","1","success",9915,"tele"
1062,7690,41,"cargo","bot-hp","top-cargo","1","success",5456,"tele"
1063,7690,41,"hatch","bot-hp","dropped","0","dropped",1657,"tele"
1064,7690,41,"hatch","bot-hp","dropped","0","dropped",2694,"tele"
1065,919,41,"hatch","preload","front-cargo","1","success",19168,"sandstorm"
1066,919,41,"cargo","bot-hp","bot-cargo","1","success",26851,"tele"
1067,919,41,"cargo","bot-hp","bot-cargo","1","success",4262,"tele"
1068,919,41,"cargo","bot-hp","top-cargo","1","success",43971,"tele"
1069,919,41,"cargo","bot-hp","dropped","0","dropped",2794,"tele"
1070,5031,41,"cargo","preload","top-cargo","1","success",9675,"tele"
1071,5031,41,"hatch","floor","top-cargo","1","success",7733,"tele"
1072,5031,41,"cargo","floor","top-rocket-low","1","success",25616,"tele"
1073,5031,41,"cargo","floor","dropped","0","dropped",18922,"tele"
1074,5406,41,"hatch","top-hp","top-rocket-mid","2","success",5261,"tele"
1075,5406,41,"hatch","top-hp","top-rocket-mid","2","success",2896,"tele"
1076,5406,41,"hatch","top-hp","top-rocket-mid","2","success",4507,"tele"
1077,5406,41,"hatch","top-hp","top-rocket-mid","2","success",3452,"tele"
1078,5406,41,"hatch","top-hp","top-rocket-high","3","success",7871,"tele"
1079,5406,41,"hatch","top-hp","top-rocket-high","3","success",6661,"tele"
1080,5406,41,"hatch","top-hp","top-rocket-high","3","success",2006,"tele"
1081,5406,41,"hatch","top-hp","top-rocket-high","3","success",2003,"tele"
1082,5406,41,"hatch","top-hp","dropped","0","dropped",9608,"tele"
1083,2706,41,"hatch","preload","top-cargo","1","success",12251,"sandstorm"
1084,2706,41,"hatch","top-hp","top-rocket-low","1","success",14434,"sandstorm"
1085,2706,41,"hatch","top-hp","top-rocket-low","1","success",23084,"sandstorm"
1086,2706,41,"hatch","top-hp","top-rocket-mid","2","attempted",21516,"sandstorm"
1087,2706,41,"hatch","top-hp","dropped","0","dropped",4181,"sandstorm"
1088,2706,41,"hatch","top-hp","top-rocket-mid","2","success",17494,"sandstorm"
1089,746,42,"hatch","bot-hp","front-cargo","1","success",39174,"tele"
1090,1246,42,"cargo","preload","top-cargo","1","success",5176,"tele"
1091,1246,42,"cargo","floor","top-cargo","1","success",2152,"tele"
1092,1246,42,"cargo","floor","dropped","0","dropped",18711,"tele"
1093,1246,42,"cargo","floor","top-cargo","1","success",6249,"tele"
1094,1246,42,"cargo","floor","top-cargo","1","success",6211,"tele"
1095,1246,42,"cargo","floor","front-cargo","1","success",6438,"tele"
1096,1246,42,"cargo","floor","front-cargo","1","success",6024,"tele"
1097,4308,42,"cargo","preload","top-cargo","1","success",107609,"tele"
1098,7476,42,"hatch","preload","bot-rocket-mid","2","attempted",1331,"tele"
1099,7476,42,"cargo","floor","bot-cargo","1","success",4769,"tele"
1100,7476,42,"cargo","floor","top-cargo","1","success",14223,"tele"
1101,7476,42,"cargo","floor","top-cargo","1","success",4212,"tele"
1102,7476,42,"cargo","floor","top-cargo","1","success",11333,"tele"
1103,7476,42,"cargo","floor","bot-cargo","1","success",4336,"tele"
1104,7476,42,"cargo","floor","bot-cargo","1","success",24589,"tele"
1105,5719,42,"hatch","preload","dropped","0","dropped",6341,"sandstorm"
1106,5719,42,"hatch","bot-hp","bot-cargo","1","success",22721,"tele"
1107,5719,42,"hatch","bot-hp","dropped","0","dropped",1881,"tele"
1108,5719,42,"hatch","floor","dropped","0","dropped",13689,"tele"
1109,5036,43,"cargo","top-hp","top-cargo","1","success",1770,"tele"
1110,5036,43,"hatch","top-hp","dropped","0","dropped",11231,"tele"
1111,6878,43,"cargo","preload","top-cargo","1","success",14439,"sandstorm"
1112,1285,43,"hatch","top-hp","front-cargo","1","success",15469,"tele"
1113,1285,43,"cargo","floor","dropped","0","dropped",44787,"tele"
1114,1285,43,"cargo","floor","front-cargo","1","success",9711,"tele"
1115,7710,43,"hatch","bot-hp","dropped","0","dropped",70350,"tele"
1116,6867,43,"hatch","preload","bot-cargo","1","success",9129,"sandstorm"
1117,6867,43,"hatch","bot-hp","bot-cargo","1","success",6734,"tele"
1118,6867,43,"hatch","bot-hp","front-cargo","1","success",9240,"tele"
1119,6867,43,"hatch","bot-hp","top-cargo","1","success",18150,"tele"
1120,6867,43,"hatch","top-hp","bot-cargo","1","success",14742,"tele"
1121,6867,43,"hatch","bot-hp","bot-rocket-low","1","success",6443,"tele"
1122,6867,43,"hatch","bot-hp","bot-rocket-low","1","success",13841,"tele"
155,1285,1,"hatch","top-hp","bot-rocket-low","1","success",4744,"tele"
1123,6866,44,"cargo","preload","top-cargo","1","success",4484,"tele"
1124,6866,44,"cargo","floor","top-cargo","1","success",1605,"tele"
1125,6866,44,"cargo","floor","top-cargo","1","success",10947,"tele"
1126,6866,44,"hatch","floor","bot-rocket-low","1","attempted",14844,"tele"
1127,6866,44,"cargo","floor","bot-rocket-low","1","attempted",21436,"tele"
1128,6866,44,"cargo","floor","bot-cargo","1","success",4610,"tele"
1129,4939,44,"hatch","preload","bot-rocket-low","1","success",1769,"tele"
1130,4939,44,"hatch","bot-hp","bot-rocket-mid","2","success",33704,"tele"
1131,4939,44,"hatch","bot-hp","bot-rocket-high","3","success",17716,"tele"
1132,4939,44,"hatch","bot-hp","bot-rocket-low","1","success",5282,"tele"
1133,4939,44,"hatch","bot-hp","bot-rocket-high","3","success",11701,"tele"
1134,4939,44,"hatch","bot-hp","front-cargo","1","success",7571,"tele"
1135,4939,44,"hatch","bot-hp","dropped","0","dropped",12790,"tele"
1136,7456,44,"hatch","preload","front-cargo","1","success",20983,"tele"
1137,7456,44,"cargo","top-hp","front-cargo","1","success",2679,"tele"
1138,7456,44,"cargo","top-hp","bot-cargo","1","success",17605,"tele"
1139,5076,44,"hatch","preload","bot-rocket-low","1","success",3875,"tele"
1140,5076,44,"cargo","bot-hp","bot-cargo","1","success",8407,"tele"
1141,5076,44,"cargo","bot-hp","bot-cargo","1","success",7849,"tele"
1142,5076,44,"cargo","bot-hp","bot-cargo","1","attempted",15814,"tele"
1143,5076,44,"cargo","bot-hp","bot-cargo","1","success",6562,"tele"
1144,5076,44,"hatch","bot-hp","front-cargo","1","success",27791,"tele"
1145,188,45,"hatch","preload","front-cargo","1","attempted",11869,"sandstorm"
1146,188,45,"hatch","bot-hp","bot-rocket-low","1","success",8442,"sandstorm"
1147,188,45,"hatch","bot-hp","bot-rocket-low","1","success",12838,"sandstorm"
1148,188,45,"cargo","floor","bot-cargo","1","attempted",6343,"sandstorm"
1149,188,45,"cargo","floor","top-cargo","1","success",1781,"sandstorm"
1150,188,45,"cargo","floor","bot-rocket-low","1","success",5037,"sandstorm"
1151,188,45,"cargo","floor","bot-rocket-low","1","success",6605,"sandstorm"
1152,188,45,"hatch","bot-hp","bot-rocket-mid","2","success",6518,"sandstorm"
1153,188,45,"hatch","bot-hp","bot-rocket-mid","2","success",18695,"sandstorm"
1154,188,45,"cargo","floor","bot-rocket-mid","2","success",4484,"sandstorm"
1155,188,45,"cargo","floor","bot-rocket-mid","2","success",6655,"sandstorm"
1156,188,45,"hatch","bot-hp","bot-rocket-high","3","success",4797,"sandstorm"
1157,5039,45,"hatch","preload","front-cargo","1","success",8159,"tele"
1158,5039,45,"cargo","bot-hp","bot-cargo","1","success",16108,"tele"
1159,5039,45,"cargo","bot-hp","bot-cargo","1","success",12660,"tele"
1160,5039,45,"cargo","bot-hp","bot-cargo","1","success",4933,"tele"
1161,5039,45,"cargo","top-hp","top-cargo","1","success",14007,"tele"
1162,5039,45,"hatch","top-hp","front-cargo","1","success",10394,"tele"
1163,5024,45,"hatch","preload","bot-cargo","1","success",2594,"tele"
1164,5024,45,"hatch","top-hp","dropped","0","dropped",5702,"tele"
1165,5024,45,"cargo","top-hp","top-cargo","1","success",4266,"tele"
1166,5024,45,"cargo","top-hp","bot-cargo","1","success",11575,"tele"
1167,5024,45,"cargo","top-hp","bot-cargo","1","success",2482,"tele"
1168,5024,45,"cargo","top-hp","top-cargo","1","success",11532,"tele"
1169,7136,45,"hatch","preload","top-rocket-low","1","attempted",7368,"tele"
1170,7136,45,"cargo","top-hp","top-cargo","1","success",10756,"tele"
1171,7136,45,"cargo","top-hp","front-cargo","1","success",2481,"tele"
1172,7136,45,"cargo","bot-hp","top-cargo","1","success",14383,"tele"
1173,7520,45,"cargo","preload","top-cargo","1","success",31394,"tele"
1174,7520,45,"cargo","top-hp","dropped","0","dropped",2493,"tele"
1175,6867,46,"hatch","preload","top-rocket-low","1","success",13210,"sandstorm"
1176,6867,46,"hatch","top-hp","bot-rocket-low","1","success",19276,"tele"
1177,6867,46,"hatch","top-hp","bot-rocket-low","1","success",21842,"tele"
1178,6867,46,"hatch","top-hp","front-cargo","1","success",19470,"tele"
1179,6867,46,"hatch","top-hp","top-rocket-low","1","success",12426,"tele"
1180,6867,46,"hatch","top-hp","top-rocket-low","1","success",14542,"tele"
1181,4308,46,"hatch","preload","front-cargo","1","success",6583,"tele"
1182,4308,46,"cargo","top-hp","top-cargo","1","success",4159,"tele"
1183,4308,46,"cargo","floor","front-cargo","1","success",6822,"tele"
1184,4308,46,"cargo","top-hp","top-rocket-low","1","success",8748,"tele"
1185,5406,46,"hatch","preload","bot-rocket-mid","2","success",9681,"sandstorm"
1186,5406,46,"hatch","bot-hp","bot-rocket-mid","2","success",12855,"tele"
1187,5406,46,"cargo","floor","bot-rocket-mid","2","success",7769,"tele"
1188,5406,46,"hatch","bot-hp","bot-rocket-high","3","success",11834,"tele"
1189,5406,46,"hatch","bot-hp","bot-rocket-high","3","success",17551,"tele"
1190,5406,46,"cargo","floor","bot-rocket-high","3","success",11357,"tele"
1191,5406,46,"cargo","floor","bot-rocket-high","3","attempted",5104,"tele"
1192,5406,46,"cargo","floor","bot-rocket-high","3","success",14969,"tele"
1193,7476,47,"hatch","preload","bot-rocket-mid","2","success",18518,"sandstorm"
1194,7476,47,"hatch","bot-hp","bot-rocket-high","3","success",57316,"tele"
1195,7476,47,"hatch","top-hp","top-rocket-mid","2","success",14909,"tele"
1196,7476,47,"cargo","floor","top-rocket-mid","2","attempted",7295,"tele"
1197,6866,47,"cargo","preload","top-cargo","1","success",7978,"sandstorm"
1198,6866,47,"cargo","top-hp","top-cargo","1","success",9721,"tele"
1199,6866,47,"cargo","floor","top-cargo","1","attempted",8301,"tele"
1200,6866,47,"cargo","floor","top-cargo","1","success",10675,"tele"
1201,6866,47,"cargo","bot-hp","bot-cargo","1","success",7426,"tele"
1202,6866,47,"cargo","bot-hp","bot-cargo","1","attempted",11331,"tele"
1203,6866,47,"cargo","floor","bot-cargo","1","success",7722,"tele"
1204,188,47,"hatch","preload","front-cargo","1","success",14073,"sandstorm"
1205,188,47,"cargo","floor","bot-cargo","1","success",5969,"sandstorm"
1206,188,47,"cargo","bot-hp","bot-cargo","1","success",5962,"sandstorm"
1207,188,47,"cargo","floor","bot-cargo","1","success",6798,"sandstorm"
1208,188,47,"cargo","top-hp","top-cargo","1","success",876,"sandstorm"
1209,188,47,"cargo","top-hp","top-cargo","1","success",3919,"sandstorm"
1210,188,47,"cargo","top-hp","top-cargo","1","success",1550,"sandstorm"
1211,188,47,"hatch","top-hp","dropped","0","dropped",25000,"sandstorm"
1212,746,47,"hatch","bot-hp","front-cargo","1","success",4933,"tele"
1217,1285,48,"hatch","preload","front-cargo","1","success",26604,"tele"
1218,1285,48,"cargo","top-hp","bot-cargo","1","success",12772,"tele"
1219,1285,48,"cargo","bot-hp","bot-cargo","1","success",4524,"tele"
1220,1285,48,"cargo","bot-hp","top-rocket-low","1","success",20821,"tele"
1221,7710,48,"hatch","preload","dropped","0","dropped",8621,"sandstorm"
1222,7710,48,"hatch","top-hp","front-cargo","1","success",12099,"tele"
1223,1334,48,"cargo","preload","top-cargo","1","attempted",11546,"tele"
1224,1334,48,"cargo","floor","top-cargo","1","attempted",8556,"tele"
1225,1334,48,"cargo","floor","top-cargo","1","attempted",10589,"tele"
1226,1334,48,"cargo","floor","top-cargo","1","success",7782,"tele"
1227,1334,48,"cargo","floor","top-cargo","1","success",10370,"tele"
1228,1334,48,"cargo","floor","dropped","0","dropped",8959,"tele"
1229,5036,48,"cargo","top-hp","front-cargo","1","success",1543,"tele"
1230,5036,48,"cargo","top-hp","top-cargo","1","success",4618,"tele"
1231,5036,48,"hatch","top-hp","front-cargo","1","success",25279,"tele"
1232,5036,48,"cargo","bot-hp","front-cargo","1","success",18411,"tele"
1233,7136,48,"cargo","preload","bot-cargo","1","success",15421,"sandstorm"
1234,7136,48,"cargo","bot-hp","dropped","0","dropped",6138,"tele"
1235,7136,48,"cargo","bot-hp","bot-cargo","1","success",18047,"tele"
1236,7136,48,"cargo","bot-hp","bot-cargo","1","success",75117,"tele"
1237,4939,48,"hatch","preload","top-rocket-low","1","success",16303,"sandstorm"
1238,4939,48,"hatch","top-hp","top-rocket-low","1","success",9341,"tele"
1239,4939,48,"hatch","top-hp","bot-rocket-low","1","success",3997,"tele"
1240,4939,48,"hatch","top-hp","bot-rocket-low","1","success",28368,"tele"
1242,5039,49,"hatch","preload","top-rocket-low","1","success",21450,"sandstorm"
1243,6878,49,"cargo","preload","top-cargo","1","success",19659,"sandstorm"
1244,7456,49,"cargo","preload","dropped","0","dropped",32694,"tele"
1245,7456,49,"hatch","top-hp","front-cargo","1","success",1658,"tele"
1246,7456,49,"cargo","top-hp","top-cargo","1","success",15834,"tele"
1253,5031,49,"hatch","top-hp","dropped","0","dropped",9574,"tele"
1254,5031,49,"hatch","top-hp","dropped","0","dropped",1197,"tele"
1255,5031,49,"hatch","top-hp","dropped","0","dropped",1477,"tele"
1256,5031,49,"hatch","top-hp","dropped","0","dropped",1174,"tele"
1257,5031,49,"hatch","top-hp","dropped","0","dropped",1758,"tele"
1258,5031,49,"cargo","top-hp","dropped","0","dropped",20472,"tele"
1259,5719,49,"hatch","preload","dropped","0","dropped",8526,"sandstorm"
1260,5719,49,"cargo","floor","top-cargo","1","success",17452,"tele"
1261,5719,49,"cargo","floor","top-cargo","1","success",28851,"tele"
1262,5719,49,"hatch","floor","top-cargo","1","success",6885,"tele"
1263,5076,49,"hatch","preload","bot-rocket-low","1","success",6832,"sandstorm"
1264,5076,49,"cargo","bot-hp","bot-cargo","1","success",2729,"tele"
1265,5076,49,"cargo","bot-hp","bot-cargo","1","success",2828,"tele"
1266,5076,49,"cargo","bot-hp","dropped","0","dropped",1265,"tele"
1267,5076,49,"cargo","bot-hp","dropped","0","dropped",1087,"tele"
1268,5076,49,"cargo","top-hp","dropped","0","dropped",1645,"tele"
1269,1246,50,"cargo","bot-hp","bot-cargo","1","success",2679,"tele"
1270,7690,50,"cargo","preload","top-cargo","1","success",8767,"sandstorm"
1271,7690,50,"cargo","top-hp","top-cargo","1","success",6946,"tele"
1272,7690,50,"cargo","bot-hp","top-cargo","1","success",12436,"tele"
1273,7690,50,"cargo","bot-hp","bot-cargo","1","success",23415,"tele"
1274,5024,50,"hatch","preload","dropped","0","dropped",11447,"sandstorm"
1275,5024,50,"hatch","bot-hp","bot-cargo","1","success",6884,"tele"
1276,5024,50,"cargo","bot-hp","bot-cargo","1","success",18037,"tele"
1277,5024,50,"cargo","bot-hp","bot-cargo","1","success",10198,"tele"
1278,5024,50,"hatch","bot-hp","front-cargo","1","success",18444,"tele"
1279,5024,50,"cargo","bot-hp","front-cargo","1","success",5299,"tele"
1282,7520,50,"cargo","preload","top-cargo","1","success",3516,"tele"
1283,7520,50,"cargo","top-hp","top-cargo","1","success",17258,"tele"
1284,2706,50,"cargo","floor","dropped","0","dropped",4687,"tele"
1285,2706,50,"cargo","floor","front-cargo","1","success",6642,"tele"
1286,2706,50,"hatch","top-hp","top-rocket-low","1","success",22693,"tele"
1287,2706,50,"hatch","top-hp","top-rocket-low","1","attempted",23474,"tele"
1288,2706,50,"hatch","top-hp","dropped","0","dropped",4117,"tele"
1289,746,51,"hatch","preload","top-rocket-low","1","success",31390,"tele"
1290,5911,51,"hatch","preload","dropped","0","dropped",9675,"sandstorm"
1291,5911,51,"hatch","top-hp","bot-cargo","1","success",71449,"tele"
1292,4939,51,"hatch","preload","bot-rocket-low","1","success",17601,"sandstorm"
1293,4939,51,"hatch","bot-hp","bot-rocket-high","3","success",11387,"tele"
1294,4939,51,"hatch","bot-hp","bot-rocket-mid","2","success",17025,"tele"
1295,4939,51,"hatch","bot-hp","front-cargo","1","success",4386,"tele"
1296,4939,51,"hatch","bot-hp","bot-rocket-low","1","success",9719,"tele"
1297,4939,51,"hatch","bot-hp","bot-rocket-mid","2","success",10782,"tele"
1298,5076,51,"hatch","preload","front-cargo","1","success",8851,"sandstorm"
1299,5076,51,"cargo","top-hp","top-cargo","1","success",10167,"tele"
1300,5076,51,"cargo","top-hp","top-cargo","1","success",9254,"tele"
1301,5076,51,"cargo","top-hp","top-cargo","1","success",22181,"tele"
1302,5076,51,"cargo","top-hp","front-cargo","1","success",11112,"tele"
1303,5076,51,"cargo","top-hp","bot-cargo","1","success",10411,"tele"
1304,7710,51,"hatch","preload","front-cargo","1","success",10553,"sandstorm"
1305,7710,51,"hatch","bot-hp","front-cargo","1","success",7021,"tele"
1306,6867,52,"hatch","preload","front-cargo","1","success",2733,"sandstorm"
1307,6867,52,"hatch","bot-hp","bot-cargo","1","success",2235,"tele"
1308,6867,52,"hatch","bot-hp","bot-cargo","1","success",5126,"tele"
1309,6867,52,"hatch","bot-hp","bot-cargo","1","success",15766,"tele"
1310,6867,52,"hatch","top-hp","bot-rocket-low","1","success",9976,"tele"
1311,6867,52,"hatch","bot-hp","bot-rocket-low","1","success",1816,"tele"
1312,7690,52,"cargo","preload","bot-cargo","1","success",4979,"tele"
1313,7690,52,"cargo","top-hp","dropped","0","dropped",1071,"tele"
1314,7690,52,"cargo","top-hp","bot-cargo","1","success",10323,"tele"
1315,7690,52,"cargo","top-hp","bot-cargo","1","success",11385,"tele"
1316,1334,52,"cargo","preload","bot-cargo","1","success",6618,"tele"
1317,1334,52,"hatch","bot-hp","dropped","0","dropped",23305,"tele"
1318,1334,52,"cargo","floor","front-cargo","1","success",3354,"tele"
1319,6866,52,"cargo","floor","top-cargo","1","success",9482,"tele"
1320,6866,52,"cargo","floor","top-cargo","1","success",5918,"tele"
1321,6866,52,"cargo","floor","top-cargo","1","success",6084,"tele"
1322,6866,52,"cargo","floor","front-cargo","1","success",16910,"tele"
1323,6878,52,"hatch","top-hp","top-cargo","1","success",6487,"tele"
1324,6878,52,"cargo","top-hp","top-cargo","1","success",1892,"tele"
1325,6878,52,"cargo","top-hp","top-cargo","1","attempted",18402,"tele"
1326,6878,52,"hatch","top-hp","top-rocket-low","1","success",10378,"tele"
1327,6878,52,"hatch","top-hp","top-rocket-low","1","success",8809,"tele"
1328,6878,52,"hatch","top-hp","dropped","0","dropped",9729,"tele"
1329,7520,52,"hatch","preload","front-cargo","1","success",6673,"sandstorm"
1330,7520,52,"hatch","bot-hp","front-cargo","1","success",13549,"tele"
1331,1285,53,"hatch","preload","front-cargo","1","success",17930,"tele"
1332,1285,53,"cargo","floor","front-cargo","1","success",2410,"tele"
1333,1285,53,"cargo","floor","top-cargo","1","success",2396,"tele"
1334,1285,53,"cargo","floor","top-cargo","1","success",6447,"tele"
1335,1285,53,"cargo","top-hp","top-cargo","1","success",18523,"tele"
1336,1285,53,"cargo","top-hp","dropped","0","dropped",11144,"tele"
1337,2706,53,"hatch","preload","bot-cargo","1","success",19201,"sandstorm"
1338,2706,53,"cargo","bot-hp","dropped","0","dropped",7628,"tele"
1339,2706,53,"cargo","bot-hp","bot-cargo","1","success",7713,"tele"
1340,2706,53,"cargo","floor","bot-cargo","1","success",8426,"tele"
1341,2706,53,"cargo","floor","top-cargo","1","success",2988,"tele"
1342,2706,53,"cargo","floor","dropped","0","dropped",4721,"tele"
1343,2706,53,"cargo","floor","top-cargo","1","success",6185,"tele"
1344,2706,53,"cargo","floor","top-cargo","1","success",8259,"tele"
1345,2706,53,"hatch","bot-hp","bot-rocket-low","1","success",11534,"tele"
1346,1246,53,"cargo","preload","dropped","0","dropped",17332,"sandstorm"
1347,1246,53,"cargo","floor","dropped","0","dropped",1481,"sandstorm"
1348,919,53,"hatch","preload","front-cargo","1","success",8780,"sandstorm"
1349,7456,53,"hatch","preload","dropped","0","dropped",7931,"tele"
1350,7456,53,"cargo","bot-hp","bot-cargo","1","success",23115,"tele"
1351,7456,53,"cargo","bot-hp","dropped","0","dropped",37145,"tele"
1362,4308,54,"cargo","floor","dropped","0","dropped",8121,"tele"
1363,4308,54,"hatch","bot-hp","bot-cargo","1","success",10350,"tele"
1364,4308,54,"cargo","bot-hp","front-cargo","1","success",9406,"tele"
1365,4308,54,"cargo","bot-hp","front-cargo","1","success",5709,"tele"
1366,4308,54,"hatch","bot-hp","bot-cargo","1","success",3755,"tele"
1367,5024,54,"hatch","preload","top-cargo","1","success",3299,"tele"
1368,5024,54,"hatch","top-hp","front-cargo","1","success",6714,"tele"
1369,5024,54,"cargo","top-hp","front-cargo","1","success",1886,"tele"
1370,5024,54,"cargo","top-hp","top-cargo","1","success",4201,"tele"
1371,5024,54,"cargo","top-hp","top-cargo","1","success",9415,"tele"
1372,188,54,"hatch","preload","front-cargo","1","attempted",18491,"sandstorm"
1373,188,54,"cargo","floor","top-cargo","1","success",2372,"tele"
1374,188,54,"cargo","floor","bot-cargo","1","success",2273,"tele"
1375,188,54,"cargo","floor","bot-cargo","1","success",5764,"tele"
1376,188,54,"hatch","top-hp","front-cargo","1","success",15177,"tele"
1377,188,54,"hatch","top-hp","front-cargo","1","success",12345,"tele"
1378,188,54,"hatch","top-hp","top-rocket-low","1","success",3058,"tele"
1379,188,54,"hatch","top-hp","top-rocket-low","1","success",17571,"tele"
1380,188,54,"cargo","floor","top-rocket-low","1","success",3422,"tele"
1381,5036,54,"hatch","preload","front-cargo","1","success",3779,"sandstorm"
1382,5036,54,"cargo","floor","bot-cargo","1","success",3581,"tele"
1383,5036,54,"cargo","floor","bot-cargo","1","success",1811,"tele"
1384,5036,54,"cargo","floor","dropped","0","dropped",1479,"tele"
1385,5036,54,"cargo","floor","dropped","0","dropped",1321,"tele"
1386,5036,54,"cargo","floor","dropped","0","dropped",1048,"tele"
1387,5406,55,"hatch","preload","bot-cargo","1","success",2565,"tele"
1388,5406,55,"cargo","bot-hp","bot-cargo","1","success",1327,"tele"
1389,5406,55,"cargo","floor","front-cargo","1","success",14863,"tele"
1390,5406,55,"cargo","top-hp","top-cargo","1","success",6672,"tele"
1391,5406,55,"cargo","floor","top-cargo","1","success",4165,"tele"
1392,5406,55,"hatch","top-hp","front-cargo","1","attempted",3021,"tele"
1393,5406,55,"hatch","top-hp","front-cargo","1","success",6459,"tele"
1394,5406,55,"cargo","floor","front-cargo","1","success",3527,"tele"
1395,5031,55,"cargo","preload","bot-cargo","1","success",2555,"tele"
1396,5031,55,"cargo","floor","dropped","0","dropped",7861,"tele"
1397,5039,55,"cargo","preload","bot-cargo","1","success",12685,"sandstorm"
1398,5039,55,"hatch","top-hp","dropped","0","dropped",7433,"tele"
1399,5039,55,"hatch","top-hp","dropped","0","dropped",11463,"tele"
1400,5039,55,"hatch","top-hp","dropped","0","dropped",2585,"tele"
1401,5039,55,"cargo","top-hp","dropped","0","dropped",777,"tele"
1402,5039,55,"cargo","top-hp","top-cargo","1","success",9524,"tele"
1403,5039,55,"cargo","top-hp","dropped","0","dropped",2043,"tele"
1404,7476,55,"hatch","preload","front-cargo","1","success",17806,"sandstorm"
1405,7476,55,"cargo","floor","bot-cargo","1","success",7684,"tele"
1406,7476,55,"cargo","floor","bot-cargo","1","success",11727,"tele"
1407,7476,55,"cargo","floor","bot-cargo","1","success",10168,"tele"
1408,7476,55,"hatch","bot-hp","top-rocket-low","1","success",11232,"tele"
1409,7476,55,"hatch","bot-hp","dropped","0","dropped",839,"tele"
1410,4252,55,"hatch","bot-hp","front-cargo","1","attempted",21294,"tele"
1411,4252,55,"hatch","bot-hp","dropped","0","dropped",2060,"tele"
1412,5719,56,"hatch","preload","top-rocket-low","1","attempted",21703,"tele"
1413,5911,56,"hatch","preload","dropped","0","dropped",4550,"sandstorm"
1414,4308,56,"hatch","preload","front-cargo","1","attempted",11924,"sandstorm"
1415,4308,56,"cargo","floor","bot-cargo","1","success",6210,"tele"
1416,6878,56,"hatch","preload","front-cargo","1","success",8914,"sandstorm"
1417,6878,56,"hatch","top-hp","front-cargo","1","success",8805,"tele"
1418,6878,56,"hatch","top-hp","top-rocket-low","1","success",15939,"tele"
1419,6878,56,"hatch","top-hp","bot-rocket-low","1","success",15879,"tele"
1420,6878,56,"cargo","bot-hp","dropped","0","dropped",1133,"tele"
1421,6878,56,"hatch","bot-hp","dropped","0","dropped",6976,"tele"
1422,6878,56,"cargo","bot-hp","dropped","0","dropped",11569,"tele"
1423,6878,56,"cargo","top-hp","top-cargo","1","success",11746,"tele"
1424,7690,56,"cargo","preload","bot-cargo","1","success",4134,"sandstorm"
1425,7690,56,"cargo","bot-hp","bot-cargo","1","success",3145,"tele"
1426,7690,56,"cargo","bot-hp","front-cargo","1","attempted",51748,"tele"
1427,7690,56,"cargo","bot-hp","top-cargo","1","success",19313,"tele"
1428,7710,56,"hatch","preload","bot-rocket-low","1","success",15750,"sandstorm"
1429,7710,56,"hatch","top-hp","top-rocket-low","1","success",16714,"tele"
1430,7710,56,"hatch","top-hp","bot-rocket-low","1","success",34961,"tele"
1431,4939,57,"hatch","bot-hp","bot-rocket-mid","2","success",7047,"tele"
1432,4939,57,"hatch","bot-hp","bot-rocket-low","1","success",6729,"tele"
1433,4939,57,"hatch","bot-hp","bot-rocket-high","3","success",9131,"tele"
1434,4939,57,"hatch","bot-hp","bot-rocket-low","1","attempted",71199,"tele"
1435,2706,57,"hatch","preload","front-cargo","1","success",12910,"tele"
1436,2706,57,"cargo","floor","top-cargo","1","success",15212,"tele"
1437,2706,57,"cargo","floor","bot-cargo","1","success",20574,"tele"
1438,2706,57,"cargo","floor","bot-cargo","1","success",6497,"tele"
1439,2706,57,"cargo","floor","bot-rocket-low","1","attempted",23380,"tele"
1440,2706,57,"cargo","floor","bot-rocket-low","1","success",5966,"tele"
1441,2706,57,"cargo","floor","top-cargo","1","success",11365,"tele"
1442,746,57,"hatch","preload","dropped","0","dropped",7463,"sandstorm"
1443,7476,58,"hatch","preload","front-cargo","1","success",10868,"sandstorm"
1444,7476,58,"cargo","floor","top-cargo","1","success",13106,"tele"
1445,7476,58,"cargo","floor","top-cargo","1","success",10288,"tele"
1446,7476,58,"hatch","top-hp","dropped","0","dropped",7284,"tele"
1447,7476,58,"hatch","top-hp","bot-rocket-high","3","success",41837,"tele"
1448,1285,58,"hatch","preload","front-cargo","1","success",15615,"sandstorm"
1449,1285,58,"cargo","floor","top-cargo","1","success",5633,"tele"
1450,1285,58,"cargo","floor","top-cargo","1","success",8935,"tele"
1451,1285,58,"cargo","floor","top-cargo","1","success",8762,"tele"
1452,1285,58,"hatch","floor","bot-cargo","1","success",7323,"tele"
1453,1285,58,"cargo","floor","bot-cargo","1","success",42716,"tele"
1457,6867,58,"hatch","preload","top-cargo","1","success",15472,"sandstorm"
1458,6867,58,"hatch","top-hp","bot-rocket-low","1","success",15875,"tele"
1459,6867,58,"hatch","top-hp","bot-rocket-low","1","success",27428,"tele"
1460,5406,58,"hatch","preload","bot-rocket-mid","2","success",7058,"tele"
1461,5406,58,"hatch","bot-hp","bot-rocket-mid","2","success",4256,"tele"
1462,5406,58,"cargo","bot-hp","bot-cargo","1","success",5318,"tele"
1463,5406,58,"cargo","bot-hp","bot-cargo","1","success",3717,"tele"
1464,5406,58,"cargo","bot-hp","bot-cargo","1","success",2043,"tele"
1465,5406,58,"cargo","bot-hp","bot-rocket-low","1","success",8958,"tele"
1466,5406,58,"cargo","bot-hp","bot-rocket-low","1","success",3144,"tele"
1467,5076,59,"hatch","preload","dropped","0","dropped",9807,"sandstorm"
1468,5076,59,"cargo","bot-hp","bot-cargo","1","success",3905,"tele"
1469,5076,59,"cargo","bot-hp","bot-cargo","1","success",10457,"tele"
1470,5076,59,"cargo","bot-hp","bot-cargo","1","success",7653,"tele"
1471,5076,59,"hatch","bot-hp","dropped","0","dropped",17597,"tele"
1472,5076,59,"hatch","bot-hp","front-cargo","1","attempted",19888,"tele"
1473,1334,59,"cargo","preload","top-cargo","1","success",9270,"tele"
1474,1334,59,"cargo","floor","top-cargo","1","success",5596,"tele"
1475,1334,59,"cargo","floor","top-cargo","1","success",9619,"tele"
1476,1334,59,"hatch","top-hp","dropped","0","dropped",8477,"tele"
1477,1334,59,"cargo","floor","bot-rocket-low","1","attempted",4519,"tele"
1478,1246,59,"cargo","preload","bot-cargo","1","success",4396,"tele"
1479,1246,59,"cargo","floor","bot-cargo","1","success",9879,"tele"
1480,1246,59,"cargo","floor","bot-cargo","1","success",9911,"tele"
1481,188,60,"hatch","preload","front-cargo","1","success",19725,"sandstorm"
1482,188,60,"hatch","bot-hp","bot-rocket-mid","2","success",9900,"tele"
1483,188,60,"hatch","bot-hp","bot-rocket-mid","2","success",12915,"tele"
1484,188,60,"cargo","bot-hp","bot-rocket-mid","2","success",6030,"tele"
1485,188,60,"cargo","bot-hp","bot-rocket-mid","2","success",4986,"tele"
1486,188,60,"hatch","bot-hp","dropped","0","dropped",3376,"tele"
1487,188,60,"hatch","bot-hp","bot-rocket-low","1","success",13334,"tele"
1488,188,60,"hatch","bot-hp","front-cargo","1","success",15608,"tele"
1489,188,60,"cargo","bot-hp","dropped","0","dropped",3998,"tele"
1490,5031,60,"cargo","preload","top-cargo","1","success",39147,"tele"
1493,5036,60,"cargo","top-hp","top-cargo","1","success",13290,"tele"
1494,5036,60,"cargo","top-hp","bot-cargo","1","success",8325,"tele"
1498,5039,60,"cargo","preload","top-cargo","1","success",3866,"sandstorm"
1499,5039,60,"cargo","top-hp","top-cargo","1","success",6043,"tele"
1500,5039,60,"cargo","top-hp","bot-cargo","1","success",15152,"tele"