"form_id","team_number","match_number","pressure","ground_pickup","tele_high","tele_low","gears_acquired","gears_scored","pref_lift","hang","hang_duration","hang_davit"
1,4917,1,0,False,0,0,1,0,"123",False,0.0,0
2,6378,1,0,False,0,0,1,1,"3",False,2.32,0
3,6110,1,0,False,0,0,2,3,"3",True,1.772,2
4,6336,1,0,False,0,0,2,2,"3",False,5.416,0
5,4946,1,3,True,0,0,4,4,"3",True,4.012,3
6,5885,1,0,False,0,0,5,5,"123",True,7.569,1
7,4525,2,0,False,0,0,5,5,"123",True,1.624,1
8,4939,2,0,False,0,0,3,3,"3",True,4.63,3
9,5406,2,11,True,9,0,4,3,"3",True,5.685,2
10,1114,2,12,False,18,0,3,4,"3",True,0.403,3
11,5596,2,0,False,0,0,1,2,"123",True,3.47,3
12,610,2,1,True,0,0,6,6,"123",True,2.021,1
13,1360,3,0,True,0,0,4,3,"123",True,2.051,2
14,6564,3,0,False,0,0,3,3,"123",True,4.113,3
15,4907,3,0,False,0,0,4,4,"123",True,6.787,3
16,6331,3,0,False,0,0,0,1,"123",False,0.0,0
17,772,3,0,False,0,0,4,3,"3",True,6.066,2
18,6342,3,0,False,0,0,2,2,"123",True,1.464,1
19,6461,4,0,False,0,0,0,0,"123",True,0.509,1
20,865,4,16,True,48,0,1,1,"123",True,2.682,3
21,5428,4,0,True,0,0,4,4,"3",True,6.54,3
22,2609,4,0,True,0,0,3,1,"3",True,2.011,3
23,2935,4,0,True,0,0,4,4,"3",True,5.336,3
24,6481,4,0,False,0,0,3,2,"123",False,0.0,0
25,5036,5,0,False,0,0,4,4,"123",True,0.613,1
26,1305,5,10,False,6,0,5,4,"3",True,2.242,2
27,1285,5,0,True,0,0,4,4,"3",False,0.0,0
28,4343,5,1,True,0,0,3,3,"3",True,6.459,3
29,5719,5,0,False,0,0,2,3,"3",True,6.682,3
30,5024,5,0,False,0,0,4,4,"123",True,2.311,1
31,6725,6,0,False,0,0,4,4,"123",True,0.821,1
32,4976,6,6,True,3,0,4,4,"3",True,0.712,2
33,4814,6,0,False,0,0,3,4,"3",False,0.0,0
34,6347,6,0,True,0,0,5,5,"3",False,0.0,0
35,6513,6,0,False,0,0,3,3,"123",True,3.852,2
36,4920,6,0,False,0,0,3,3,"123",False,6.059,0
37,854,7,0,False,0,0,3,2,"123",True,2.056,1
38,1075,7,7,False,0,0,1,1,"3",True,3.175,2
39,4476,7,0,False,0,0,2,2,"3",True,4.409,2
40,6009,7,0,False,0,0,5,4,"3",True,5.506,3
41,6323,7,0,True,0,0,4,4,"3",True,3.681,3
42,6387,7,0,False,0,0,4,4,"123",False,13.29,0
43,4152,8,0,False,0,0,3,2,"123",True,1.242,2
44,1241,8,1,False,0,0,4,4,"123",True,4.062,2
45,2200,8,0,True,0,0,5,4,"3",True,4.225,2
46,5076,8,0,False,0,0,3,3,"3",False,9.289,0
47,781,8,0,False,0,0,4,4,"3",True,5.707,1
48,3683,8,0,False,0,0,5,4,"123",True,1.82,2
49,2706,9,0,False,0,0,0,1,"123",True,0.965,2
50,4039,9,0,False,0,0,6,5,"123",True,5.914,2
51,5426,9,0,False,0,0,4,4,"3",True,4.584,3
52,1325,9,0,False,0,0,0,1,"123",False,0.0,0
53,2056,9,43,True,36,0,2,1,"123",True,2.026,3
54,6070,9,0,False,0,0,1,0,"123",True,5.682,1
55,4678,10,0,True,0,0,3,3,"123",True,3.133,2
56,5032,10,0,False,0,0,3,4,"123",True,4.951,2
57,2386,10,0,False,0,0,4,4,"3",True,7.143,3
58,6544,10,0,False,0,0,2,2,"3",True,1.508,3
59,4001,10,0,False,0,0,3,3,"123",False,2.055,0
60,188,10,3,False,0,0,5,5,"3",True,3.0,1
61,772,11,1,False,0,0,0,0,"123",True,8.096,1
62,4976,11,11,False,18,0,3,4,"3",False,3.413,0
63,5428,11,2,False,0,0,2,2,"3",True,4.142,3
64,610,11,3,True,9,0,4,3,"3",True,1.159,2
65,6378,11,0,False,0,0,2,3,"123",True,3.463,3
66,1285,11,0,True,0,0,5,4,"123",True,3.295,1
67,4907,12,0,False,0,0,3,3,"123",True,2.49,1
68,5719,12,0,False,0,0,2,3,"123",True,7.373,2
69,865,12,3,True,9,0,3,1,"123",True,1.375,3
70,6347,12,0,True,0,0,5,6,"3",True,5.34,2
71,854,12,0,False,0,0,2,3,"3",True,4.474,2
72,6110,12,0,False,0,0,1,0,"123",True,3.294,1
73,6725,13,0,False,0,0,3,4,"3",True,3.227,2
74,5024,13,0,False,0,0,4,3,"123",True,2.32,1
75,2200,13,1,True,0,0,4,4,"3",True,4.296,2
76,2935,13,0,False,0,0,1,0,"123",True,3.66,3
77,6461,13,0,False,0,0,2,3,"3",True,4.822,3
78,4917,13,0,False,0,0,3,2,"123",True,3.418,1
79,2609,14,0,True,0,0,4,4,"123",False,1.788,0
80,5596,14,0,False,0,0,3,3,"3",False,6.065,0
81,781,14,0,False,0,0,3,2,"3",True,2.217,1
82,6323,14,0,True,0,0,3,1,"3",True,2.511,3
83,5426,14,0,False,0,0,3,3,"123",True,6.142,3
84,4920,14,0,False,0,0,3,3,"3",False,5.967,0
85,2056,15,57,True,102,0,1,2,"3",True,3.427,2
86,5036,15,0,False,0,0,2,3,"123",True,1.722,1
87,4001,15,0,False,0,0,3,4,"123",False,0.0,0
88,1114,15,20,True,21,0,0,0,"123",False,0.0,0
89,6513,15,0,False,0,0,3,3,"3",True,2.901,1
90,1360,15,0,True,0,0,5,4,"123",False,0.0,0
91,5076,16,1,False,0,0,2,3,"3",True,9.162,1
92,6342,16,0,False,0,0,1,1,"123",False,0.0,0
93,1325,16,0,False,0,0,4,3,"3",True,3.737,3
94,2386,16,0,False,0,0,4,5,"3",False,9.392,0
95,4476,16,0,False,0,0,1,0,"123",False,0.0,0
96,1305,16,7,True,21,0,2,2,"123",True,2.176,1
97,5406,17,20,True,0,0,6,7,"3",True,2.877,1
98,6481,17,0,True,0,0,2,3,"123",True,3.11,2
99,6336,17,0,False,0,0,3,3,"3",True,4.389,3
100,5032,17,0,False,0,0,4,4,"3",True,2.287,3
101,6544,17,0,False,0,0,2,3,"3",True,3.816,3
102,4939,17,0,False,0,0,5,4,"123",True,3.427,1
103,5885,18,0,False,0,0,4,5,"123",True,8.161,1
104,4678,18,0,True,0,0,3,4,"3",True,2.169,2
105,4152,18,0,False,0,0,3,2,"123",True,3.294,3
106,6387,18,0,False,0,0,6,5,"3",True,1.433,3
107,1241,18,4,False,3,0,4,4,"3",True,3.448,3
108,6070,18,0,False,0,0,3,3,"123",False,0.0,0
109,3683,19,0,False,0,0,6,5,"123",True,1.906,2
110,2706,19,0,False,0,0,2,0,"123",True,4.681,1
111,6331,19,0,False,0,0,3,3,"3",True,3.395,3
112,1075,19,0,False,0,0,0,0,"123",False,0.0,0
113,4343,19,1,False,0,0,2,2,"3",True,7.813,3
114,4525,19,0,True,0,0,4,3,"123",False,0.0,0
115,4039,20,1,False,0,0,4,3,"123",True,6.613,1
116,4946,20,4,True,3,0,4,4,"123",True,3.173,2
117,6009,20,0,False,0,0,3,3,"3",True,5.304,3
118,6564,20,0,False,0,0,1,1,"123",True,4.484,3
119,4814,20,0,False,0,0,3,4,"3",True,1.165,3
120,188,20,0,True,0,0,6,5,"3",True,2.999,1
121,6347,21,0,True,0,0,3,3,"123",True,6.983,2
122,1325,21,0,False,0,0,4,4,"123",True,2.179,1
123,6378,21,0,False,0,0,4,4,"3",True,3.744,3
124,5596,21,0,False,0,0,4,3,"3",True,4.068,2
125,1360,21,0,True,0,0,3,2,"3",True,6.36,3
126,4920,21,0,False,0,0,3,3,"123",False,0.0,0
127,854,22,0,False,0,0,3,3,"123",True,5.181,1
128,6544,22,0,False,0,0,2,2,"3",True,4.394,2
129,6323,22,0,False,0,0,2,3,"3",True,0.628,3
130,6342,22,1,False,0,0,1,0,"123",True,3.057,3
131,5406,22,25,True,21,0,2,2,"3",True,2.571,3
133,865,23,0,False,0,0,4,4,"123",False,2.291,0
134,6481,23,0,True,0,0,3,2,"123",True,2.379,2
135,772,23,0,False,0,0,4,4,"3",True,6.477,3
136,5885,23,0,False,0,0,5,4,"3",True,8.809,3
137,5076,23,0,False,0,0,2,3,"3",False,0.0,0
138,6070,23,0,False,0,0,3,3,"123",True,2.418,1
139,1075,24,4,False,0,0,3,2,"123",False,4.347,0
140,6725,24,0,False,0,0,4,3,"123",True,7.56,3
141,5032,24,0,False,0,0,1,2,"3",True,4.587,3
142,4476,24,0,False,0,0,4,3,"3",True,2.708,3
143,4525,24,0,False,0,0,6,4,"3",False,0.0,0
144,4152,24,0,False,0,0,3,3,"123",True,2.541,1
145,6336,25,0,False,0,0,3,3,"123",True,5.145,3
146,5024,25,0,False,0,0,4,4,"3",True,8.472,1
147,6387,25,3,False,0,0,3,3,"123",False,0.0,0
148,5428,25,0,False,0,0,2,1,"3",True,7.62,3
149,4001,25,0,False,0,0,3,3,"123",True,7.467,3
150,610,25,1,False,0,0,6,5,"123",True,1.841,1
151,4343,26,0,False,0,0,3,3,"123",False,8.431,0
152,6331,26,0,False,0,0,2,2,"123",True,4.858,2
153,2386,26,0,False,0,0,4,5,"3",True,8.254,3
154,5719,26,0,False,0,0,3,4,"3",False,6.347,0
155,4939,26,0,False,0,0,4,2,"123",True,4.05,3
156,781,26,0,True,0,0,4,3,"123",True,1.119,1
157,5426,27,0,False,0,0,3,3,"123",True,6.877,1
158,2935,27,0,True,0,0,3,3,"123",False,0.0,0
159,1305,27,51,False,96,0,1,1,"3",True,2.413,3
160,4039,27,6,True,0,0,3,2,"3",True,8.577,3
161,4907,27,0,False,0,0,3,4,"3",False,0.0,0
162,4678,27,0,True,0,0,5,5,"123",True,2.235,1
163,4917,28,0,False,0,0,5,4,"123",True,6.792,1
164,1114,28,45,True,42,0,2,3,"123",True,0.854,2
165,4814,28,0,False,0,0,3,3,"3",True,2.471,3
166,6564,28,0,False,0,0,2,1,"3",True,3.559,3
167,4976,28,24,False,24,0,3,4,"3",True,2.646,3
168,6513,28,0,False,0,0,3,4,"123",False,0.284,0
169,3683,29,0,False,0,0,4,4,"123",False,0.0,0
170,188,29,4,False,0,0,2,2,"123",True,3.272,1
171,4946,29,4,False,0,0,3,3,"3",True,2.852,3
172,2056,29,60,True,105,0,0,1,"3",True,1.901,3
173,6461,29,0,False,0,0,2,2,"123",False,0.0,0
174,1285,29,0,True,0,0,6,6,"3",False,0.0,0
175,2706,30,0,False,0,0,3,3,"123",False,5.679,0
176,2200,30,0,True,0,0,4,4,"3",True,6.232,3
177,2609,30,0,True,0,0,4,0,"123",True,3.758,3
178,1241,30,4,False,0,0,4,2,"3",True,3.472,3
179,5036,30,0,False,0,0,3,3,"123",True,10.272,3
180,6009,30,0,True,0,0,3,4,"123",True,4.548,1
181,6725,31,0,False,0,0,3,3,"123",False,4.351,0
182,1325,31,0,False,0,0,6,6,"123",True,3.284,1
183,854,31,0,False,0,0,3,1,"123",False,0.0,0
184,5885,31,0,False,0,0,5,4,"3",False,0.0,0
185,6481,31,0,False,0,0,4,4,"3",False,0.0,0
186,4343,31,0,False,0,0,2,2,"123",False,9.559,0
187,5596,32,0,False,0,0,3,3,"123",False,7.554,0
188,4001,32,0,False,0,0,3,3,"3",True,6.084,2
189,2935,32,0,True,0,0,3,2,"3",True,12.284,3
190,6070,32,0,False,0,0,2,1,"3",True,7.047,3
191,781,32,0,False,0,0,2,2,"123",True,1.733,3
192,1075,32,9,False,0,0,2,2,"3",False,2.557,0
193,5024,33,0,False,0,0,5,4,"123",False,4.323,0
194,4814,33,0,False,0,0,3,4,"3",True,2.811,2
195,4152,33,0,False,0,0,2,2,"123",False,0.0,0
196,6110,33,0,False,0,0,2,2,"3",True,3.798,3
197,4907,33,0,False,0,0,4,3,"3",True,3.763,3
198,2386,33,0,False,0,0,5,4,"123",True,2.637,2
199,5426,34,0,False,0,0,3,4,"3",False,6.758,0
200,6513,34,0,False,0,0,3,3,"123",False,2.927,0
201,188,34,0,True,0,0,5,5,"123",True,2.638,1
202,4939,34,0,False,0,0,5,5,"3",True,4.246,3
203,4476,34,0,False,0,0,2,2,"3",True,18.856,1
204,5076,34,0,False,0,0,3,3,"3",False,6.796,0
205,4946,35,1,False,0,0,3,3,"123",True,4.34,1
206,2609,35,0,False,0,0,3,3,"123",False,0.0,0
207,6387,35,6,False,6,0,4,4,"3",True,1.725,3
208,2200,35,0,True,0,0,3,2,"123",True,1.961,3
209,6544,35,0,True,0,0,4,2,"123",True,4.04,3
210,5406,35,7,False,0,0,3,3,"3",False,4.145,0
211,2056,36,53,False,69,0,2,1,"3",True,3.505,2
212,865,36,0,False,0,0,4,4,"123",True,2.236,1
213,4976,36,34,False,12,0,0,1,"123",True,2.467,2
214,1305,36,43,True,105,0,0,0,"123",False,1.947,0
215,4678,36,0,True,0,0,5,4,"3",True,2.217,1
216,6336,36,0,False,0,0,2,1,"123",True,1.224,3
217,6461,37,0,False,0,0,2,3,"123",True,6.778,3
218,610,37,0,False,0,0,6,6,"123",True,4.643,2
219,1241,37,2,False,0,0,3,2,"3",False,0.0,0
220,5036,37,0,False,0,0,4,4,"3",True,1.476,2
221,6331,37,0,False,0,0,3,2,"3",False,0.0,0
222,6347,37,0,True,0,0,5,5,"123",False,0.0,0
223,1360,38,0,False,0,0,3,3,"3",True,5.851,1
224,5428,38,0,False,0,0,3,4,"123",True,6.423,3
225,3683,38,0,False,0,0,6,5,"3",True,4.19,2
226,2706,38,0,False,0,0,3,3,"3",True,4.308,3
227,6564,38,0,False,0,0,3,2,"3",False,0.0,0
228,4920,38,0,False,0,0,3,3,"123",False,0.0,0
229,772,39,1,False,0,0,4,4,"3",True,15.31,1
230,1285,39,0,True,0,0,3,2,"123",True,3.872,3
231,6323,39,0,True,0,0,4,3,"3",False,11.949,0
232,4525,39,0,False,0,0,4,2,"3",True,7.383,3
233,4917,39,1,True,3,0,4,4,"123",True,4.502,3
234,6009,39,0,False,0,0,3,3,"123",True,5.521,1
235,5719,40,0,False,0,0,3,3,"123",True,8.364,1
236,6342,40,0,False,0,0,2,2,"3",False,0.0,0
237,1114,40,44,True,60,0,2,3,"3",True,6.095,3
238,6378,40,0,False,0,0,1,0,"123",False,0.0,0
239,4039,40,0,False,0,0,5,4,"123",True,7.628,3
240,5032,40,0,False,0,0,3,3,"3",True,5.802,1
241,2200,41,1,True,0,0,5,4,"3",True,2.672,1
242,1325,41,0,False,0,0,4,4,"123",True,2.224,3
243,4476,41,1,True,3,0,3,3,"3",True,13.948,2
244,4907,41,0,False,0,0,3,3,"3",False,0.0,0
245,4001,41,0,False,0,0,3,1,"3",True,7.131,3
246,4976,41,20,True,0,0,6,6,"3",False,0.0,0
247,6110,42,0,False,0,0,2,1,"123",True,2.558,2
248,188,42,0,True,0,0,5,5,"123",True,2.775,1
249,2935,42,0,True,0,0,5,4,"3",True,6.283,3
250,5596,42,0,False,0,0,3,2,"3",True,6.28,3
251,5406,42,8,False,0,0,4,4,"123",True,3.896,3
252,5036,42,0,False,0,0,4,3,"3",False,0.63,0
253,4814,43,0,False,0,0,4,4,"123",True,2.919,1
254,6387,43,5,False,0,0,4,5,"3",True,2.217,2
255,781,43,5,False,15,0,4,4,"3",True,2.153,3
256,2056,43,43,False,33,0,2,3,"3",True,2.427,3
257,2706,43,0,False,0,0,3,3,"123",True,2.33,3
258,6481,43,0,False,0,0,4,4,"123",True,2.741,1
259,772,44,0,True,0,0,3,2,"123",True,6.672,1
260,4343,44,0,False,0,0,4,3,"123",True,7.737,2
261,4678,44,0,True,0,0,7,6,"3",True,6.788,3
262,6336,44,0,False,0,0,3,2,"3",True,7.752,3
263,6323,44,0,True,0,0,3,4,"3",True,4.873,3
264,6331,44,0,False,0,0,2,3,"123",True,6.141,1
265,610,45,3,False,0,0,6,6,"123",False,0.0,0
266,6070,45,0,False,0,0,3,2,"3",True,4.969,2
267,854,45,0,True,0,0,4,3,"3",True,3.298,3
268,1360,45,0,True,0,0,5,4,"3",True,5.953,3
269,6378,45,0,False,0,0,3,4,"123",True,4.285,3
270,5076,45,0,False,0,0,4,3,"123",True,7.188,1
271,5032,46,0,False,0,0,3,3,"123",True,7.748,1
272,1285,46,0,True,0,0,5,5,"3",False,0.0,0
273,4525,46,0,False,0,0,4,3,"3",False,23.865,0
274,1241,46,5,False,0,0,4,3,"3",True,4.296,3
275,865,46,0,False,0,0,5,5,"123",True,1.957,1
276,5426,46,0,False,0,0,1,1,"123",True,5.857,2
277,4939,47,0,False,0,0,6,4,"123",True,5.457,1
278,6347,47,0,True,0,0,4,5,"123",False,5.521,0
279,6461,47,0,False,0,0,1,1,"123",False,4.54,0
280,4920,47,0,False,0,0,3,3,"3",True,7.353,3
281,4152,47,0,False,0,0,3,4,"123",True,4.202,3
282,4039,47,2,False,6,0,5,4,"123",False,0.0,0
283,6544,48,0,True,0,0,4,4,"3",True,4.362,1
284,6009,48,0,False,0,0,4,3,"3",True,4.879,1
285,6564,48,0,False,0,0,2,3,"3",True,7.047,3
286,5719,48,0,False,0,0,4,2,"3",True,6.892,3
287,1305,48,46,True,93,0,1,0,"123",True,1.625,3
288,6725,48,20,True,18,0,1,1,"123",True,6.556,1
289,6513,49,0,False,0,0,2,2,"123",True,4.757,1
290,2609,49,0,True,0,0,4,4,"3",True,3.348,2
291,4917,49,2,True,6,0,4,2,"3",True,4.667,3
292,3683,49,15,True,45,0,4,4,"3",True,3.677,2
293,2386,49,0,False,0,0,3,4,"3",True,8.932,3
294,5024,49,0,False,0,0,4,3,"123",True,2.108,1
295,4946,50,0,False,0,0,3,3,"3",True,4.638,1
296,1114,50,37,False,21,0,1,1,"123",True,1.292,2
297,1075,50,0,True,0,0,1,2,"3",True,10.757,3
298,6342,50,0,True,0,0,3,3,"3",True,3.166,3
299,5885,50,0,False,0,0,3,2,"123",True,8.08,3
300,5428,50,0,False,0,0,2,2,"3",True,5.936,1
301,1360,51,0,False,0,0,4,3,"123",False,8.979,0
302,4976,51,3,True,6,0,3,3,"3",True,2.473,2
303,6110,51,0,False,0,0,3,4,"3",True,2.548,3
304,5426,51,0,False,0,0,4,3,"3",True,0.44,3
305,5032,51,0,False,0,0,3,3,"123",True,4.412,3
306,6387,51,0,True,0,0,0,0,"123",True,2.173,1
307,6378,52,0,False,0,0,3,4,"123",False,8.868,0
308,2056,52,47,False,51,0,3,3,"3",True,1.389,3
309,4343,52,2,True,6,0,3,3,"123",True,8.239,3
310,865,52,8,True,24,0,1,1,"123",True,1.82,3
311,4525,52,0,False,0,0,6,6,"123",False,0.0,0
312,2200,52,0,True,0,0,4,4,"3",True,1.938,1
313,4001,53,0,False,0,0,3,4,"123",True,7.414,1
314,6481,53,0,False,0,0,3,4,"3",True,2.851,2
315,6009,53,0,False,0,0,4,4,"3",True,7.436,3
316,2935,53,0,True,0,0,2,1,"3",True,10.032,3
317,4152,53,0,False,0,0,3,3,"123",True,4.527,3
318,1285,53,0,True,0,0,6,6,"3",True,5.047,1
319,1305,54,42,True,102,0,0,0,"123",True,2.509,1
320,4920,54,0,False,0,0,3,2,"123",True,2.824,2
321,6070,54,0,False,0,0,3,3,"3",True,6.818,2
322,5406,54,6,True,0,0,4,4,"3",True,3.381,3
323,4917,54,3,True,3,0,4,3,"123",True,3.199,3
324,6331,54,0,False,0,0,3,4,"123",True,2.27,1
325,6544,55,0,False,0,0,1,0,"123",True,3.719,1
326,5076,55,0,False,0,0,4,3,"123",True,9.552,2
327,2706,55,0,False,0,0,5,5,"3",True,7.238,3
328,5024,55,0,False,0,0,5,5,"3",True,0.946,3
329,6564,55,0,False,0,0,3,3,"123",True,6.295,3
330,5596,55,0,False,0,0,3,4,"3",True,8.129,1
331,5719,56,0,False,0,0,1,2,"123",True,4.917,1
332,610,56,0,False,0,0,6,5,"3",False,0.0,0
333,4678,56,0,True,0,0,5,3,"3",False,10.694,0
334,1075,56,6,True,0,0,3,3,"3",True,4.255,3
335,2609,56,0,False,0,0,3,3,"123",False,0.0,0
336,1325,56,0,False,0,0,4,4,"123",True,2.004,1
337,4946,57,7,False,0,0,4,2,"123",True,4.348,3
338,1241,57,7,False,3,0,5,5,"123",True,2.882,2
339,6513,57,0,False,0,0,3,3,"3",True,6.524,3
340,4039,57,0,False,0,0,5,5,"3",True,7.497,2
341,854,57,0,False,0,0,2,2,"123",True,3.063,2
342,772,57,4,False,3,0,4,3,"123",True,6.664,1
343,6347,58,0,True,0,0,4,4,"123",True,3.292,2
344,6336,58,0,False,0,0,3,3,"3",True,4.447,2
345,6342,58,0,True,0,0,4,4,"3",True,4.548,3
346,781,58,0,False,0,0,3,2,"3",True,1.188,3
347,6461,58,0,False,0,0,2,2,"123",True,5.181,3
348,188,58,0,True,0,0,5,5,"123",True,3.293,1
349,2386,59,0,False,0,0,0,0,"123",False,0.0,0
350,1114,59,44,False,27,0,2,2,"123",True,2.231,2
352,4907,59,0,False,0,0,4,5,"3",True,5.119,3
353,6725,59,0,False,0,0,3,3,"123",True,4.915,2
354,6323,59,0,True,0,0,4,5,"123",True,1.652,1
355,5885,60,0,False,0,0,4,4,"123",True,6.728,1
356,3683,60,0,False,0,0,3,3,"3",True,1.966,2
357,5036,60,0,True,0,0,4,2,"3",False,1.641,0
358,5428,60,0,False,0,0,2,2,"3",True,17.656,3
359,4814,60,0,False,0,0,3,4,"3",True,3.083,3
360,4476,60,0,False,0,0,4,4,"3",True,3.39,1
361,5076,61,0,False,0,0,3,3,"123",True,1.563,2
362,6110,61,0,False,0,0,0,1,"3",False,0.0,0
363,5032,61,0,False,0,0,3,3,"3",True,5.91,2
364,4920,61,0,False,0,0,0,1,"3",True,3.791,3
365,4343,61,0,False,0,0,2,1,"123",True,10.028,2
366,6009,61,0,False,0,0,2,2,"123",True,3.135,1
367,6331,62,0,False,0,0,2,3,"123",True,3.195,1
368,5596,62,0,False,0,0,3,4,"3",False,0.0,0
369,4152,62,0,False,0,0,4,4,"3",True,4.594,2
370,4917,62,0,False,0,0,5,5,"3",True,5.178,2
371,854,62,0,False,0,0,3,2,"3",True,2.315,1
372,2056,62,50,False,60,0,3,3,"3",True,1.768,2
373,865,63,0,False,0,0,4,5,"123",True,1.203,1
374,6342,63,0,False,0,0,4,3,"123",True,3.031,2
375,6544,63,0,False,0,0,2,3,"3",False,5.548,0
376,4001,63,0,False,0,0,3,3,"3",True,17.038,3
377,2706,63,0,False,0,0,4,2,"123",False,0.0,0
378,1241,63,2,False,0,0,4,3,"123",True,4.11,1
379,6461,64,0,False,0,0,2,1,"3",True,7.421,1
380,6378,64,0,False,0,0,3,3,"123",False,0.0,0
381,6564,64,0,False,0,0,1,0,"123",True,4.988,2
382,1075,64,3,False,0,0,3,3,"3",True,7.655,2
383,2386,64,0,False,0,0,0,1,"3",True,7.484,3
384,6387,64,0,False,0,0,4,3,"3",True,1.653,1
385,610,65,7,False,0,0,6,5,"123",True,1.879,1
386,6725,65,0,False,0,0,2,3,"3",True,2.822,2
387,5885,65,0,False,0,0,5,3,"3",True,9.046,3
388,1285,65,0,True,0,0,6,6,"3",True,4.37,3
389,5426,65,0,True,0,0,3,3,"123",True,8.391,3
390,781,65,0,False,0,0,3,4,"123",True,1.862,1
391,4039,66,2,False,6,0,5,4,"123",False,6.159,0
392,5036,66,0,False,0,0,4,2,"123",True,1.113,2
393,4525,66,0,False,0,0,4,4,"3",True,6.214,3
394,5406,66,7,True,21,0,3,3,"3",True,3.555,3
395,4678,66,0,False,0,0,3,3,"123",True,2.019,3
396,4976,66,8,True,24,0,3,4,"3",True,1.222,1
397,2935,67,0,False,0,0,1,0,"123",False,0.0,0
398,6347,67,0,False,0,0,3,3,"3",False,7.257,0
399,772,67,0,True,0,0,5,5,"3",False,0.0,0
400,3683,67,0,True,0,0,6,4,"3",False,1.952,0
401,1305,67,42,False,75,0,1,1,"3",True,1.122,3
402,1114,67,6,False,0,0,6,5,"123",True,1.168,1
403,188,68,0,True,0,0,4,4,"123",True,3.839,1
404,6323,68,0,False,0,0,2,3,"3",True,5.96,2
405,4939,68,0,False,0,0,3,3,"3",True,5.299,3
406,5024,68,0,False,0,0,4,3,"3",True,2.053,3
407,5428,68,0,True,0,0,1,0,"123",True,5.365,3
408,1325,68,0,True,0,0,2,0,"123",True,2.355,1
409,2609,69,2,True,3,0,5,5,"123",True,4.678,1
410,6336,69,1,False,3,0,3,4,"3",False,1.563,0
411,5719,69,0,False,0,0,3,2,"3",True,7.161,3
412,1360,69,2,True,0,0,4,4,"3",True,6.518,3
413,6070,69,0,False,0,0,3,3,"123",True,7.45,3
414,4814,69,0,False,0,0,3,3,"123",True,4.003,1
415,4476,70,0,False,0,0,5,6,"3",True,2.582,1
416,4907,70,0,False,0,0,3,3,"3",False,0.0,0
417,6513,70,0,False,0,0,2,2,"3",True,3.504,3
418,6481,70,0,False,0,0,4,5,"3",True,3.858,3
419,2200,70,0,True,0,0,3,4,"3",False,0.0,0
420,4946,70,1,False,0,0,1,1,"123",False,3.015,0
421,4001,71,0,False,0,0,3,4,"123",False,22.992,0
422,5076,71,0,False,0,0,3,3,"123",True,7.388,1
423,6387,71,5,True,0,0,5,5,"3",True,2.262,3
424,6725,71,0,False,0,0,1,1,"3",False,0.0,0
425,4039,71,0,False,0,0,6,6,"123",False,0.0,0
426,6331,71,0,True,0,0,2,3,"3",True,1.699,1
427,2386,72,0,False,0,0,2,1,"123",True,5.561,2
428,5885,72,0,False,0,0,3,3,"3",True,6.988,2
429,6461,72,0,False,0,0,1,2,"3",True,8.508,3
430,4976,72,0,True,0,0,4,4,"3",True,3.189,3
431,5596,72,0,True,0,0,4,4,"3",True,3.306,3
432,1305,72,16,True,12,0,1,2,"123",False,2.69,0
433,781,73,0,False,0,0,2,3,"123",True,2.129,1
434,5406,73,22,True,0,0,5,5,"3",True,4.476,2
435,865,73,0,False,0,0,4,5,"3",True,17.957,3
436,1325,73,2,False,0,0,4,4,"3",True,2.611,3
437,6009,73,0,False,0,0,2,2,"123",True,4.281,1
438,3683,73,0,False,0,0,4,4,"123",True,2.196,3
439,6342,74,0,False,0,0,5,5,"123",True,4.201,3
440,854,74,0,False,0,0,2,2,"123",True,2.945,1
441,6378,74,0,False,0,0,2,2,"3",True,4.451,3
442,2609,74,3,True,9,0,4,4,"3",True,4.7,2
443,4939,74,0,False,0,0,4,4,"3",True,4.976,3
444,4814,74,0,False,0,0,2,3,"123",True,2.155,1
445,4152,75,0,False,0,0,4,3,"123",True,3.091,2
446,772,75,1,False,0,0,2,2,"3",False,0.0,0
447,4917,75,5,True,15,0,2,2,"3",True,3.026,3
448,5036,75,0,False,0,0,4,3,"3",False,0.0,0
449,2706,75,0,False,0,0,4,5,"123",True,5.304,3
450,5032,75,0,False,0,0,3,3,"3",False,0.0,0
451,1241,76,8,False,0,0,3,3,"123",True,3.572,1
452,1360,76,0,True,0,0,4,2,"3",False,0.0,0
453,4343,76,3,False,0,0,3,3,"3",True,4.488,3
454,5024,76,0,False,0,0,5,5,"3",True,2.995,3
455,4476,76,0,False,0,0,4,2,"3",False,0.0,0
456,2935,76,0,False,0,0,3,2,"123",False,0.0,0
457,6564,77,0,True,0,0,2,2,"123",False,0.0,0
458,6323,77,0,False,0,0,2,3,"3",False,3.152,0
459,6481,77,0,False,0,0,3,4,"3",True,3.966,3
460,6347,77,0,True,0,0,3,4,"3",True,6.926,3
461,610,77,2,True,0,0,5,5,"123",True,1.932,1
462,2056,77,66,True,96,0,1,2,"123",False,0.0,0
463,1114,78,47,False,51,0,3,2,"123",True,1.504,1
464,4525,78,0,False,0,0,5,4,"123",True,2.043,2
465,5426,78,0,False,0,0,4,4,"3",True,6.919,3
466,4946,78,4,True,0,0,3,3,"3",True,2.66,3
467,6544,78,0,True,0,0,4,4,"123",False,0.0,0
468,5719,78,0,False,0,0,3,2,"3",False,0.0,0
469,6110,79,0,False,0,0,3,3,"123",True,1.362,1
470,5428,79,0,False,0,0,4,3,"123",True,5.16,2
471,1285,79,0,False,0,0,4,4,"3",True,4.201,3
472,6070,79,0,False,0,0,3,3,"123",False,16.83,0
473,6513,79,0,False,0,0,4,5,"123",False,0.0,0
474,4678,79,0,True,0,0,7,6,"3",False,0.0,0
475,1075,80,8,False,0,0,3,3,"3",True,4.877,3
476,2200,80,0,True,0,0,4,4,"3",False,0.0,0
477,4920,80,0,False,0,0,3,4,"3",True,10.362,3
478,188,80,0,False,0,0,5,4,"3",True,3.006,3
479,6336,80,0,False,0,0,3,2,"3",True,3.139,1
480,4907,80,0,False,0,0,3,3,"123",False,0.0,0
481,854,81,0,False,0,0,4,4,"123",False,0.0,0
482,6331,81,0,False,0,0,2,2,"3",True,1.891,2
483,4001,81,0,False,0,0,4,3,"3",True,3.692,3
484,4976,81,26,True,51,0,1,0,"123",False,2.834,0
485,3683,81,2,False,6,0,5,5,"123",False,0.0,0
486,6378,81,0,True,0,0,4,5,"123",True,3.925,1
487,2935,82,0,False,0,0,2,2,"123",True,2.941,1
488,5076,82,0,False,0,0,3,3,"123",True,9.083,3
489,610,82,6,True,9,0,6,5,"3",False,1.799,0
490,6342,82,0,False,0,0,4,4,"3",True,4.881,3
491,2056,82,47,True,54,0,2,3,"123",True,1.845,3
492,5032,82,0,False,0,0,4,3,"3",True,3.257,1
493,4476,83,0,False,0,0,4,2,"3",True,1.892,1
494,4917,83,5,True,12,0,4,4,"123",True,3.418,3
495,2706,83,0,False,0,0,4,3,"3",True,5.287,3
496,4039,83,0,False,0,0,5,5,"3",False,3.472,0
497,6461,83,0,False,0,0,3,4,"123",True,4.563,3
498,5719,83,0,False,0,0,4,3,"123",False,0.0,0
499,5406,84,18,True,12,0,4,3,"123",True,4.131,1
500,2386,84,2,False,6,0,4,5,"123",True,4.818,3
501,6009,84,0,True,0,0,3,3,"123",True,5.382,3
502,5426,84,0,False,0,0,4,3,"3",False,0.0,0
503,6347,84,0,True,0,0,5,6,"3",True,5.82,3
504,5428,84,0,False,0,0,3,4,"123",True,6.055,1
505,6513,85,0,False,0,0,3,3,"123",True,3.376,1
506,5885,85,0,False,0,0,4,4,"3",True,4.767,1
507,4814,85,0,False,0,0,3,4,"3",True,3.447,3
508,1360,85,0,False,0,0,3,2,"3",False,6.276,0
509,4525,85,0,False,0,0,4,3,"3",False,0.0,0
510,6323,85,0,False,0,0,3,3,"123",True,2.968,1
511,5024,86,0,False,0,0,5,6,"123",True,1.977,1
512,4920,86,0,False,0,0,3,3,"3",True,0.866,2
513,4946,86,4,True,12,0,3,3,"3",True,5.003,2
514,4152,86,0,False,0,0,4,4,"3",True,4.582,2
515,1075,86,7,False,0,0,3,3,"3",True,3.124,3
516,865,86,0,True,0,0,4,4,"123",False,1.318,0
517,4678,87,2,False,3,0,4,4,"123",True,2.758,1
518,6110,87,0,False,0,0,1,2,"123",True,3.081,2
519,4939,87,0,False,0,0,4,4,"3",True,5.383,3
520,772,87,2,True,6,0,3,3,"3",True,7.136,3
521,6564,87,0,False,0,0,3,2,"123",True,3.694,3
522,2200,87,0,True,0,0,4,4,"3",True,1.715,1
523,5036,88,0,False,0,0,3,3,"123",True,1.29,1
524,6070,88,0,False,0,0,3,2,"123",True,4.654,2
525,4907,88,0,False,0,0,2,3,"3",True,7.908,3
526,781,88,1,True,3,0,4,3,"3",True,3.6,3
527,6725,88,0,False,0,0,3,4,"3",True,2.705,3
528,6544,88,0,True,0,0,3,4,"123",True,3.936,1
529,4343,89,0,False,0,0,4,2,"123",True,3.78,1
530,2609,89,0,True,0,0,3,4,"123",True,4.703,2
531,1305,89,9,True,24,0,2,1,"3",True,1.786,3
532,6481,89,0,False,0,0,3,3,"3",True,4.141,2
533,188,89,0,True,0,0,6,4,"3",True,4.156,3
534,5596,89,0,False,0,0,1,2,"123",False,3.801,0
535,1241,90,5,False,6,0,4,3,"3",True,4.287,1
536,1285,90,0,True,0,0,5,4,"3",True,4.789,3
537,6336,90,0,False,0,0,3,2,"123",True,3.956,3
538,1325,90,0,False,0,0,6,5,"3",True,3.081,3
539,6387,90,0,False,0,0,3,3,"123",True,1.853,3
540,1114,90,25,False,12,0,3,4,"3",True,1.728,1
541,6323,91,0,False,0,0,2,3,"123",True,4.404,2
542,2935,91,0,True,0,0,5,4,"123",True,5.533,1
543,6513,91,0,False,0,0,3,3,"123",False,6.065,0
544,5719,91,0,False,0,0,1,1,"3",False,0.0,0
545,4152,91,0,False,0,0,1,2,"123",False,0.0,0
546,6378,91,0,False,0,0,2,3,"3",True,4.129,1
547,6461,92,0,False,0,0,3,3,"123",True,7.291,1
548,5426,92,0,True,0,0,3,2,"3",True,6.855,2
549,5406,92,1,False,0,0,5,3,"123",True,11.428,1
550,4814,92,0,False,0,0,3,3,"3",False,2.689,0
551,772,92,2,True,3,0,4,3,"3",True,5.713,3
552,4001,92,0,False,0,0,3,4,"123",True,6.846,1
553,2706,93,0,False,0,0,3,2,"123",True,6.257,1
554,1360,93,0,True,0,0,4,4,"3",True,5.513,2
555,4678,93,0,False,0,0,4,3,"123",True,7.855,2
556,6725,93,0,False,0,0,4,4,"3",False,0.0,0
557,4946,93,9,True,18,0,2,2,"3",True,6.651,3
558,2386,93,0,False,0,0,4,4,"123",True,10.06,1
559,4525,94,0,False,0,0,5,3,"123",False,0.0,0
560,6070,94,0,False,0,0,3,1,"123",False,0.0,0
561,6481,94,0,False,0,0,0,0,"123",False,0.0,0
562,188,94,0,True,0,0,5,4,"3",True,3.476,3
563,5024,94,0,False,0,0,6,5,"3",True,1.802,1
564,6342,94,0,False,0,0,4,1,"123",True,1.761,3
565,4907,95,0,False,0,0,3,4,"123",True,9.12,1
566,3683,95,0,False,0,0,5,4,"3",True,3.524,3
567,5596,95,0,False,0,0,3,3,"3",False,0.0,0
568,610,95,4,False,0,0,6,5,"3",True,0.881,3
569,6009,95,0,False,0,0,1,0,"123",False,0.0,0
570,6336,95,0,False,0,0,3,3,"3",True,3.286,1
571,6544,96,0,False,0,0,3,3,"3",True,5.807,2
572,6387,96,0,False,0,0,3,3,"123",True,2.367,2
573,4917,96,1,True,3,0,5,4,"3",True,4.139,3
574,5076,96,5,False,0,0,3,4,"3",False,0.0,0
575,4343,96,0,True,0,0,3,2,"123",False,0.0,0
576,6347,96,0,False,0,0,4,4,"123",True,5.602,1
577,5885,97,0,False,0,0,2,2,"123",True,8.906,1
578,4476,97,0,False,0,0,4,4,"123",True,3.384,2
579,2056,97,61,True,78,0,3,4,"3",True,3.58,3
580,1285,97,0,False,0,0,4,4,"3",True,4.038,3
581,4920,97,0,False,0,0,1,1,"123",True,6.517,3
582,2609,97,0,True,0,0,5,5,"3",True,4.579,1
583,1114,98,41,False,30,0,2,2,"3",False,0.0,0
584,2200,98,0,False,0,0,0,0,"123",True,3.726,2
585,5036,98,0,False,0,0,3,3,"3",True,2.309,2
586,6331,98,0,False,0,0,1,1,"123",False,0.0,0
587,865,98,0,False,0,0,2,2,"123",True,2.993,3
588,1325,98,0,False,0,0,3,3,"3",False,0.0,0
589,6564,99,1,True,3,0,3,3,"3",True,5.085,1
590,5428,99,0,False,0,0,3,2,"123",False,0.0,0
591,4039,99,0,False,0,0,5,4,"3",True,7.851,3
592,5032,99,0,False,0,0,4,3,"3",True,5.875,3
593,781,99,1,False,3,0,3,2,"3",True,1.985,3
594,854,99,0,False,0,0,4,2,"123",True,3.562,1
595,1305,100,33,True,72,0,0,1,"3",False,2.242,0
596,6110,100,0,False,0,0,4,4,"123",False,1.291,0
597,1241,100,0,False,0,0,5,5,"3",False,0.0,0
598,4976,100,28,False,39,0,3,4,"3",False,4.36,0
599,1075,100,0,False,0,0,3,4,"123",True,3.287,3
600,4939,100,0,False,0,0,3,3,"3",True,4.588,1
601,6342,101,0,False,0,0,4,4,"3",True,2.833,1
602,5426,101,0,False,0,0,3,2,"3",False,0.0,0
603,5596,101,0,False,0,0,4,5,"3",True,5.142,3
604,6513,101,0,False,0,0,3,4,"3",True,4.403,3
605,3683,101,8,False,24,0,4,3,"123",True,2.181,3
606,6387,101,0,False,0,0,5,4,"3",True,2.567,1
607,4907,102,0,False,0,0,3,4,"123",True,4.187,1
608,5406,102,18,True,0,0,1,1,"3",False,0.0,0
609,5076,102,0,False,0,0,4,3,"123",True,7.915,3
610,5885,102,0,False,0,0,4,3,"3",True,8.797,3
611,1285,102,0,True,0,0,4,4,"3",True,1.608,3
612,2706,102,0,False,0,0,4,3,"123",True,4.356,1
613,4476,103,0,False,0,0,4,4,"123",True,3.511,1
614,610,103,7,True,6,0,4,4,"3",True,2.984,2
615,6331,103,5,False,0,0,2,2,"3",True,3.593,3
616,6544,103,0,False,0,0,3,3,"3",False,5.786,0
617,2935,103,0,False,0,0,3,3,"123",True,5.509,3
618,4814,103,0,False,0,0,0,1,"123",False,3.395,0
619,6336,104,0,False,0,0,3,3,"123",True,1.689,1
620,4920,104,0,False,0,0,3,4,"3",False,13.57,0
621,2386,104,0,True,0,0,5,4,"3",True,10.117,3
622,854,104,0,False,0,0,3,3,"3",True,4.7,3
623,5036,104,0,False,0,0,4,4,"123",True,1.445,3
624,6481,104,0,False,0,0,4,4,"3",True,2.431,1
625,4976,105,38,False,24,0,2,3,"3",True,5.062,2
626,1325,105,0,False,0,0,4,4,"3",True,3.03,2
627,4343,105,0,True,0,0,3,2,"3",True,7.583,3
628,4946,105,20,False,51,0,0,0,"123",True,8.72,3
629,4152,105,0,False,0,0,3,3,"123",True,3.637,3
630,6564,105,0,False,0,0,4,3,"123",True,4.758,1
631,1075,106,0,False,0,0,2,2,"123",False,0.0,0
632,4917,106,0,False,0,0,4,4,"3",False,0.0,0
633,188,106,0,True,0,0,6,5,"3",True,2.317,2
634,865,106,0,False,0,0,3,3,"3",True,3.665,3
635,1360,106,0,False,0,0,3,3,"3",True,1.597,3
636,4939,106,0,False,0,0,5,5,"3",True,6.018,1
637,6323,107,0,True,0,0,4,2,"3",True,2.458,1
638,5032,107,0,False,0,0,4,4,"3",True,4.164,2
639,6070,107,0,False,0,0,0,1,"123",False,0.0,0
640,6461,107,0,False,0,0,3,4,"123",False,0.0,0
641,1305,107,38,True,81,0,1,0,"123",True,1.831,3
642,2200,107,0,True,0,0,4,3,"3",True,2.344,1
643,4039,108,0,False,0,0,5,4,"3",True,12.776,1
645,4001,108,0,False,0,0,3,2,"3",True,8.65,3
646,2609,108,0,False,0,0,4,3,"3",True,6.258,2
647,6110,108,0,False,0,0,3,2,"3",True,2.404,3
648,4525,108,0,False,0,0,4,4,"123",False,0.0,0
649,781,109,1,False,3,0,4,5,"3",True,3.667,1
650,6009,109,0,False,0,0,1,2,"123",True,8.964,2
651,5024,109,0,False,0,0,5,4,"3",False,1.568,0
652,4678,109,0,True,0,0,5,5,"3",False,0.0,0
653,1114,109,33,False,21,0,3,2,"3",True,1.003,3
654,6378,109,0,False,0,0,3,3,"123",True,4.55,1
655,5428,110,0,False,0,0,2,2,"3",True,3.712,1
656,5719,110,0,False,0,0,2,2,"123",True,4.873,2
657,2056,110,70,True,123,0,1,1,"123",True,2.325,3
658,6725,110,0,False,0,0,3,3,"123",True,4.463,2
659,772,110,4,True,12,0,4,4,"3",False,0.0,0
660,1241,110,4,False,0,0,4,4,"123",False,0.0,0
661,6323,111,0,True,0,0,6,4,"123",True,2.514,1
662,2935,111,0,False,0,0,4,3,"3",True,6.026,2
663,6513,111,0,False,0,0,3,3,"3",True,2.573,3
664,5719,111,0,False,0,0,4,3,"3",False,0.0,0
665,4152,111,0,False,0,0,3,4,"123",True,3.827,3
666,6378,111,0,False,0,0,3,4,"123",True,5.024,1
845,4001,141,0,False,0,0,3,3,"3",True,8.262,3
